FIRST_NAME;LAST_NAME;VALUE_DAY;CITY;VENUE;STANDALONE_FLG
Zofia;Ambler;04.08.2020;Vorkuta;Openlane;Y
Kellie;Bail;04.08.2020;Vorkuta;Condax;N
Loraine;Bensley;04.08.2020;Sochi;Funholding;Y
Herta;Blind;04.08.2020;Vorkuta;Opentech;Y
Jeniffer;Brace;04.08.2020;Moscow;Faxquote;N
Jeniffer;Brace;04.08.2020;Moscow;Ron-tech;N
August;Darland;04.08.2020;Norilsk;Sunnamplex;N
August;Darland;04.08.2020;Norilsk;Ontomedia;Y
Jovita;Fesler;04.08.2020;Sochi;Plussunin;N
Leland;Gales;04.08.2020;Yekaterinburg;Labdrill;N
Leland;Gales;04.08.2020;Yekaterinburg;Donware;N
Leland;Gales;04.08.2020;Yekaterinburg;Labdrill;N
Helene;Hargrove;04.08.2020;Norilsk;dambase;Y
Mason;Henslee;04.08.2020;Sochi;Rangreen;N
Victor;Hilliker;04.08.2020;Saint-Petersburg;Mathtouch;N
Joanne;Kingery;04.08.2020;Yekaterinburg;Labdrill;Y
Yen;Latimore;04.08.2020;Sochi;Plussunin;N
Yen;Latimore;04.08.2020;Sochi;Hottechi;N
Ranae;Lumpkins;04.08.2020;Saint-Petersburg;Mathtouch;N
Ranae;Lumpkins;04.08.2020;Saint-Petersburg;year-job;N
Stephani;Mincy;04.08.2020;Saint-Petersburg;Conecom;N
Connie;Newingham;04.08.2020;Norilsk;Zencorporation;Y
Chasidy;Nixon;04.08.2020;Vorkuta;Statholdings;N
Chasidy;Nixon;04.08.2020;Vorkuta;Openlane;Y
January;Randazzo;04.08.2020;Sochi;Hottechi;N
Dan;Rozelle;04.08.2020;Norilsk;Betasoloin;Y
Vena;Sedor;04.08.2020;Vorkuta;Openlane;N
Vena;Sedor;04.08.2020;Vorkuta;Openlane;N
Mariette;Swick;04.08.2020;Moscow;Faxquote;N
Mariette;Swick;04.08.2020;Moscow;Toughzap;Y
Mariette;Swick;04.08.2020;Moscow;Faxquote;N
Shaniqua;Truesdale;04.08.2020;Moscow;Singletechno;N
Latonia;Vanwyk;04.08.2020;Vorkuta;Openlane;N
Zina;Bilal;05.08.2020;Norilsk;Ontomedia;N
Jude;Brashier;05.08.2020;Yekaterinburg;Scotfind;Y
Mikel;Brockway;05.08.2020;Sochi;Plussunin;N
Edmond;Dawe;05.08.2020;Norilsk;Ontomedia;Y
Susan;Duffield;05.08.2020;Sochi;Funholding;N
Daniele;Euell;05.08.2020;Norilsk;Ontomedia;Y
Daniele;Euell;05.08.2020;Norilsk;Scottech;Y
Gregoria;Fant;05.08.2020;Vorkuta;Openlane;Y
Jalisa;Keala;05.08.2020;Yekaterinburg;Donware;Y
Sylvia;Olander;05.08.2020;Vorkuta;Openlane;N
Bobette;Shuff;05.08.2020;Norilsk;Ontomedia;Y
Latonia;Vanwyk;05.08.2020;Vorkuta;Openlane;N
Lashell;Abbas;06.08.2020;Yekaterinburg;Sumace;N
Lashell;Abbas;06.08.2020;Yekaterinburg;Labdrill;Y
Zina;Bilal;06.08.2020;Norilsk;dambase;N
August;Darland;06.08.2020;Norilsk;dambase;Y
Arlyne;Honda;06.08.2020;Norilsk;dambase;N
Alfredo;Hursey;06.08.2020;Yekaterinburg;Donware;N
Stephani;Mincy;06.08.2020;Saint-Petersburg;Mathtouch;Y
Stephani;Mincy;06.08.2020;Saint-Petersburg;year-job;N
Sylvia;Olander;06.08.2020;Vorkuta;Openlane;Y
Charlette;Radtke;06.08.2020;Yekaterinburg;Plusstrip;Y
Charlette;Radtke;06.08.2020;Yekaterinburg;Plusstrip;Y
Terina;Shira;06.08.2020;Yekaterinburg;Donware;N
Shaniqua;Truesdale;06.08.2020;Moscow;Faxquote;Y
Chas;Vandever;06.08.2020;Sochi;Rangreen;N
Latonia;Vanwyk;06.08.2020;Vorkuta;Openlane;N
Lakendra;Zick;06.08.2020;Norilsk;dambase;N
Zofia;Ambler;07.08.2020;Vorkuta;Openlane;N
Jude;Brashier;07.08.2020;Yekaterinburg;Donware;N
Mikel;Brockway;07.08.2020;Sochi;Rangreen;N
Susan;Duffield;07.08.2020;Sochi;Rangreen;N
Daniele;Euell;07.08.2020;Norilsk;dambase;Y
Helene;Hargrove;07.08.2020;Norilsk;Betasoloin;Y
Carmelina;Hewett;07.08.2020;Vorkuta;Condax;Y
Arlyne;Honda;07.08.2020;Norilsk;dambase;Y
Starr;Krogh;07.08.2020;Saint-Petersburg;Mathtouch;N
Lesa;Mehaffey;07.08.2020;Norilsk;dambase;Y
Dreama;Moman;07.08.2020;Saint-Petersburg;Mathtouch;N
Chasidy;Nixon;07.08.2020;Vorkuta;Openlane;Y
Rachael;Scheff;07.08.2020;Vorkuta;Condax;Y
Terina;Shira;07.08.2020;Yekaterinburg;Donware;N
Bobette;Shuff;07.08.2020;Norilsk;dambase;Y
Justina;Stonecipher;07.08.2020;Sochi;Rangreen;Y
Chas;Vandever;07.08.2020;Sochi;Xx-holding;N
Merrie;Weideman;07.08.2020;Vorkuta;Openlane;Y
Hanh;Whitesell;07.08.2020;Saint-Petersburg;year-job;Y
Lashell;Abbas;08.08.2020;Yekaterinburg;Donware;Y
Herta;Blind;08.08.2020;Vorkuta;Openlane;N
Celsa;Bumbalough;08.08.2020;Norilsk;dambase;Y
Celsa;Bumbalough;08.08.2020;Norilsk;dambase;Y
Edmond;Dawe;08.08.2020;Norilsk;dambase;Y
Daniele;Euell;08.08.2020;Norilsk;dambase;Y
Jovita;Fesler;08.08.2020;Sochi;Rangreen;N
Jovita;Fesler;08.08.2020;Sochi;Rangreen;Y
Darcey;Heide;08.08.2020;Norilsk;dambase;Y
Victor;Hilliker;08.08.2020;Saint-Petersburg;year-job;Y
Victor;Hilliker;08.08.2020;Saint-Petersburg;Bioplex;N
Alfredo;Hursey;08.08.2020;Yekaterinburg;Sumace;Y
Regena;Kita;08.08.2020;Yekaterinburg;Donware;Y
Connie;Newingham;08.08.2020;Norilsk;Sunnamplex;Y
January;Randazzo;08.08.2020;Sochi;Rangreen;N
January;Randazzo;08.08.2020;Sochi;Rangreen;N
Dan;Rozelle;08.08.2020;Norilsk;Sunnamplex;Y
Vena;Sedor;08.08.2020;Vorkuta;Condax;N
Rolf;Sharrow;08.08.2020;Yekaterinburg;Donware;N
Latonia;Vanwyk;08.08.2020;Vorkuta;Openlane;Y
Merrie;Weideman;08.08.2020;Vorkuta;Openlane;N
Lakendra;Zick;08.08.2020;Norilsk;Betasoloin;Y
Zofia;Ambler;09.08.2020;Vorkuta;Opentech;Y
Zina;Bilal;09.08.2020;Norilsk;Betasoloin;N
Trenton;Dargan;09.08.2020;Yekaterinburg;Donware;Y
Elmer;Gean;09.08.2020;Yekaterinburg;Donware;N
Mason;Henslee;09.08.2020;Sochi;Xx-holding;Y
Alfredo;Hursey;09.08.2020;Yekaterinburg;Donware;N
Alfredo;Hursey;09.08.2020;Yekaterinburg;Donware;Y
Ranae;Lumpkins;09.08.2020;Saint-Petersburg;year-job;N
Stephani;Mincy;09.08.2020;Saint-Petersburg;Treequote;Y
Maris;Nee;09.08.2020;Moscow;Faxquote;N
Sylvia;Olander;09.08.2020;Vorkuta;Openlane;Y
Leonie;Rakowski;09.08.2020;Norilsk;dambase;Y
Dan;Rozelle;09.08.2020;Norilsk;Ontomedia;Y
Rolf;Sharrow;09.08.2020;Yekaterinburg;Donware;N
Bobette;Shuff;09.08.2020;Norilsk;dambase;Y
Beverley;Silveira;09.08.2020;Sochi;Rangreen;N
Justina;Stonecipher;09.08.2020;Sochi;Funholding;Y
Tonisha;Vanbeek;09.08.2020;Sochi;Rangreen;N
Chas;Vandever;09.08.2020;Sochi;Xx-holding;Y
Latonia;Vanwyk;09.08.2020;Vorkuta;Nam-zim;N
Gwendolyn;Westerlund;09.08.2020;Yekaterinburg;Donware;N
Hanh;Whitesell;09.08.2020;Saint-Petersburg;Mathtouch;Y
Twana;Willet;09.08.2020;Norilsk;dambase;N
Cristopher;Brownfield;10.08.2020;Moscow;Ron-tech;N
Celsa;Bumbalough;10.08.2020;Norilsk;Sunnamplex;Y
Irena;Byrge;10.08.2020;Norilsk;dambase;N
Gena;Dacanay;10.08.2020;Sochi;Rangreen;Y
Trenton;Dargan;10.08.2020;Yekaterinburg;Labdrill;Y
Trenton;Dargan;10.08.2020;Yekaterinburg;Donware;N
August;Darland;10.08.2020;Norilsk;dambase;N
August;Darland;10.08.2020;Norilsk;Ontomedia;Y
Edmond;Dawe;10.08.2020;Norilsk;Ontomedia;N
Susan;Duffield;10.08.2020;Sochi;Rangreen;N
Daniele;Euell;10.08.2020;Norilsk;dambase;N
Jovita;Fesler;10.08.2020;Sochi;Xx-holding;Y
Ailene;Frieden;10.08.2020;Norilsk;Scottech;N
Leland;Gales;10.08.2020;Yekaterinburg;Donware;N
Leland;Gales;10.08.2020;Yekaterinburg;Donware;N
Carmelina;Hewett;10.08.2020;Vorkuta;Condax;N
Victor;Hilliker;10.08.2020;Saint-Petersburg;Mathtouch;N
Regena;Kita;10.08.2020;Yekaterinburg;Zumgoity;Y
Winter;Mckillop;10.08.2020;Norilsk;dambase;Y
Emilie;Nemitz;10.08.2020;Sochi;Rangreen;N
Chasidy;Nixon;10.08.2020;Vorkuta;Nam-zim;N
Richie;Petrey;10.08.2020;Sochi;Funholding;Y
Dan;Rozelle;10.08.2020;Norilsk;dambase;Y
Rolf;Sharrow;10.08.2020;Yekaterinburg;Sumace;N
Andera;Valliere;10.08.2020;Norilsk;Ontomedia;Y
Latonia;Vanwyk;10.08.2020;Vorkuta;Nam-zim;N
Latonia;Vanwyk;10.08.2020;Vorkuta;Openlane;Y
Katina;Abernethy;11.08.2020;Norilsk;dambase;Y
Zina;Bilal;11.08.2020;Norilsk;dambase;Y
Luanne;Boucher;11.08.2020;Norilsk;Sunnamplex;N
Jude;Brashier;11.08.2020;Yekaterinburg;Donware;Y
Cristopher;Brownfield;11.08.2020;Moscow;Rantouch;Y
Celsa;Bumbalough;11.08.2020;Norilsk;dambase;Y
August;Darland;11.08.2020;Norilsk;Sunnamplex;N
Daniele;Euell;11.08.2020;Norilsk;Sunnamplex;N
Ailene;Frieden;11.08.2020;Norilsk;Ontomedia;N
Elmer;Gean;11.08.2020;Yekaterinburg;Donware;N
Rudolph;Glickman;11.08.2020;Yekaterinburg;Donware;Y
Annalee;Gulbranson;11.08.2020;Vorkuta;Condax;Y
Darcey;Heide;11.08.2020;Norilsk;dambase;Y
Victor;Hilliker;11.08.2020;Saint-Petersburg;Treequote;Y
Louanne;Hillwig;11.08.2020;Yekaterinburg;Sumace;N
Debora;Hoang;11.08.2020;Saint-Petersburg;Green-Plus;N
Jalisa;Keala;11.08.2020;Yekaterinburg;Plusstrip;N
Regena;Kita;11.08.2020;Yekaterinburg;Zumgoity;N
Yen;Latimore;11.08.2020;Sochi;Funholding;N
Lesa;Mehaffey;11.08.2020;Norilsk;dambase;N
Connie;Newingham;11.08.2020;Norilsk;Betasoloin;Y
Richie;Petrey;11.08.2020;Sochi;Rangreen;N
Magdalena;Ratcliffe;11.08.2020;Yekaterinburg;Sumace;Y
Rachael;Scheff;11.08.2020;Vorkuta;Opentech;Y
Vena;Sedor;11.08.2020;Vorkuta;Opentech;Y
Andera;Valliere;11.08.2020;Norilsk;Ontomedia;Y
Andera;Valliere;11.08.2020;Norilsk;Ontomedia;Y
Tonisha;Vanbeek;11.08.2020;Sochi;Xx-holding;N
Merrie;Weideman;11.08.2020;Vorkuta;Opentech;Y
Maryann;Weldy;11.08.2020;Sochi;Funholding;N
Maryann;Weldy;11.08.2020;Sochi;Rangreen;N
Hanh;Whitesell;11.08.2020;Saint-Petersburg;year-job;Y
Lashell;Abbas;12.08.2020;Yekaterinburg;Donware;Y
Lavina;Ackles;12.08.2020;Saint-Petersburg;year-job;N
Lavina;Ackles;12.08.2020;Saint-Petersburg;year-job;Y
Kellie;Bail;12.08.2020;Vorkuta;Condax;N
Luanne;Boucher;12.08.2020;Norilsk;Ontomedia;Y
Cristopher;Brownfield;12.08.2020;Moscow;Faxquote;Y
Cristopher;Brownfield;12.08.2020;Moscow;Faxquote;Y
Irena;Byrge;12.08.2020;Norilsk;Iselectrics;Y
Gena;Dacanay;12.08.2020;Sochi;Rangreen;Y
Gena;Dacanay;12.08.2020;Sochi;Rangreen;N
August;Darland;12.08.2020;Norilsk;Ontomedia;Y
Leland;Gales;12.08.2020;Yekaterinburg;Donware;N
Helene;Hargrove;12.08.2020;Norilsk;dambase;N
Carmelina;Hewett;12.08.2020;Vorkuta;Condax;Y
Debora;Hoang;12.08.2020;Saint-Petersburg;year-job;N
Joanne;Kingery;12.08.2020;Yekaterinburg;Sonron;N
Joanne;Kingery;12.08.2020;Yekaterinburg;Plusstrip;N
Joanne;Kingery;12.08.2020;Yekaterinburg;Donware;N
Yen;Latimore;12.08.2020;Sochi;Rangreen;N
Ranae;Lumpkins;12.08.2020;Saint-Petersburg;Mathtouch;N
Ranae;Lumpkins;12.08.2020;Saint-Petersburg;Bioplex;Y
Winter;Mckillop;12.08.2020;Norilsk;Zencorporation;Y
Stephani;Mincy;12.08.2020;Saint-Petersburg;Conecom;Y
Stephani;Mincy;12.08.2020;Saint-Petersburg;Mathtouch;Y
Dreama;Moman;12.08.2020;Saint-Petersburg;year-job;N
Ja;Moscato;12.08.2020;Saint-Petersburg;Treequote;Y
Ja;Moscato;12.08.2020;Saint-Petersburg;Mathtouch;Y
Ja;Moscato;12.08.2020;Saint-Petersburg;Mathtouch;Y
Connie;Newingham;12.08.2020;Norilsk;dambase;N
Dan;Rozelle;12.08.2020;Norilsk;Sunnamplex;N
Mariette;Swick;12.08.2020;Moscow;Rantouch;Y
Shaniqua;Truesdale;12.08.2020;Moscow;Ron-tech;Y
Andera;Valliere;12.08.2020;Norilsk;Scottech;Y
Chas;Vandever;12.08.2020;Sochi;Funholding;Y
Chas;Vandever;12.08.2020;Sochi;Rangreen;N
Katina;Abernethy;13.08.2020;Norilsk;Betasoloin;Y
Zofia;Ambler;13.08.2020;Vorkuta;Opentech;Y
Mikel;Brockway;13.08.2020;Sochi;Funholding;N
Irena;Byrge;13.08.2020;Norilsk;Ontomedia;N
Niki;Castano;13.08.2020;Vorkuta;Openlane;N
Douglas;Charity;13.08.2020;Moscow;Toughzap;N
Gregoria;Fant;13.08.2020;Vorkuta;Openlane;Y
Gregoria;Fant;13.08.2020;Vorkuta;Nam-zim;N
Carlene;Felice;13.08.2020;Sochi;Rangreen;N
Darcey;Heide;13.08.2020;Norilsk;Ontomedia;N
Carmelina;Hewett;13.08.2020;Vorkuta;Isdom;N
Arlyne;Honda;13.08.2020;Norilsk;Sunnamplex;N
Tawny;Jeske;13.08.2020;Sochi;Rangreen;Y
Jalisa;Keala;13.08.2020;Yekaterinburg;Donware;N
Starr;Krogh;13.08.2020;Saint-Petersburg;Mathtouch;Y
Yen;Latimore;13.08.2020;Sochi;Funholding;Y
Ranae;Lumpkins;13.08.2020;Saint-Petersburg;Mathtouch;N
Shayna;Mahan;13.08.2020;Sochi;Rangreen;Y
Ja;Moscato;13.08.2020;Saint-Petersburg;Groovestreet;N
Terrence;Mustafa;13.08.2020;Yekaterinburg;Donware;N
Sylvia;Olander;13.08.2020;Vorkuta;Isdom;N
Magdalena;Ratcliffe;13.08.2020;Yekaterinburg;Donware;Y
Hector;Redwine;13.08.2020;Norilsk;Ontomedia;Y
Hector;Redwine;13.08.2020;Norilsk;dambase;Y
Dan;Rozelle;13.08.2020;Norilsk;dambase;N
Daniela;Russaw;13.08.2020;Sochi;Funholding;Y
Rachael;Scheff;13.08.2020;Vorkuta;Condax;Y
Beverley;Silveira;13.08.2020;Sochi;Funholding;Y
Danae;Smullen;13.08.2020;Sochi;Rangreen;N
Mariette;Swick;13.08.2020;Moscow;Faxquote;Y
Shaniqua;Truesdale;13.08.2020;Moscow;Faxquote;N
Maryann;Weldy;13.08.2020;Sochi;Plussunin;Y
Gwendolyn;Westerlund;13.08.2020;Yekaterinburg;Sumace;Y
Lavina;Ackles;14.08.2020;Saint-Petersburg;Treequote;N
Zofia;Ambler;14.08.2020;Vorkuta;Lexiqvolax;N
Herta;Blind;14.08.2020;Vorkuta;Statholdings;N
Luanne;Boucher;14.08.2020;Norilsk;dambase;Y
Mikel;Brockway;14.08.2020;Sochi;Xx-holding;N
Celsa;Bumbalough;14.08.2020;Norilsk;dambase;N
Helene;Hargrove;14.08.2020;Norilsk;dambase;Y
Victor;Hilliker;14.08.2020;Saint-Petersburg;year-job;N
Debora;Hoang;14.08.2020;Saint-Petersburg;Domzoom;Y
Tawny;Jeske;14.08.2020;Sochi;Rangreen;Y
Winter;Mckillop;14.08.2020;Norilsk;dambase;Y
Dreama;Moman;14.08.2020;Saint-Petersburg;Mathtouch;Y
Dreama;Moman;14.08.2020;Saint-Petersburg;Domzoom;Y
Ja;Moscato;14.08.2020;Saint-Petersburg;Mathtouch;Y
Louie;Scarpelli;14.08.2020;Norilsk;dambase;Y
Rolf;Sharrow;14.08.2020;Yekaterinburg;Plusstrip;N
Terina;Shira;14.08.2020;Yekaterinburg;Labdrill;N
Shaniqua;Truesdale;14.08.2020;Moscow;Toughzap;Y
Latonia;Vanwyk;14.08.2020;Vorkuta;Lexiqvolax;N
Hanh;Whitesell;14.08.2020;Saint-Petersburg;year-job;Y
Katina;Abernethy;15.08.2020;Norilsk;Ontomedia;Y
Raisa;Benford;15.08.2020;Yekaterinburg;Donware;N
Niki;Castano;15.08.2020;Vorkuta;Condax;N
Douglas;Charity;15.08.2020;Moscow;Rantouch;N
Laronda;Coe;15.08.2020;Yekaterinburg;Donware;Y
Ailene;Frieden;15.08.2020;Norilsk;dambase;Y
Rudolph;Glickman;15.08.2020;Yekaterinburg;Plusstrip;Y
Arlyne;Honda;15.08.2020;Norilsk;dambase;N
Alfredo;Hursey;15.08.2020;Yekaterinburg;Donware;N
Jalisa;Keala;15.08.2020;Yekaterinburg;Labdrill;N
Genesis;Kowalczyk;15.08.2020;Saint-Petersburg;Bioplex;Y
Starr;Krogh;15.08.2020;Saint-Petersburg;year-job;N
Soraya;Lashbrook;15.08.2020;Saint-Petersburg;year-job;N
Maris;Nee;15.08.2020;Moscow;Toughzap;Y
Richie;Petrey;15.08.2020;Sochi;Rangreen;N
Magdalena;Ratcliffe;15.08.2020;Yekaterinburg;Plusstrip;Y
Kristle;Vien;15.08.2020;Sochi;Rangreen;N
Kristle;Vien;15.08.2020;Sochi;Rangreen;Y
Gwendolyn;Westerlund;15.08.2020;Yekaterinburg;Sumace;Y
Kellie;Bail;16.08.2020;Vorkuta;Opentech;N
Loraine;Bensley;16.08.2020;Sochi;Rangreen;N
Loraine;Bensley;16.08.2020;Sochi;Rangreen;N
Jeniffer;Brace;16.08.2020;Moscow;Toughzap;Y
Jeniffer;Brace;16.08.2020;Moscow;Faxquote;N
Cristopher;Brownfield;16.08.2020;Moscow;Faxquote;N
Celsa;Bumbalough;16.08.2020;Norilsk;Ontomedia;N
Irena;Byrge;16.08.2020;Norilsk;dambase;N
Irena;Byrge;16.08.2020;Norilsk;dambase;Y
Gena;Dacanay;16.08.2020;Sochi;Funholding;N
Gregoria;Fant;16.08.2020;Vorkuta;Opentech;N
Helene;Hargrove;16.08.2020;Norilsk;Ontomedia;Y
Mason;Henslee;16.08.2020;Sochi;Funholding;N
Mason;Henslee;16.08.2020;Sochi;Funholding;N
Victor;Hilliker;16.08.2020;Saint-Petersburg;year-job;Y
Debora;Hoang;16.08.2020;Saint-Petersburg;Treequote;Y
Ranae;Lumpkins;16.08.2020;Saint-Petersburg;year-job;Y
Winter;Mckillop;16.08.2020;Norilsk;dambase;Y
Ja;Moscato;16.08.2020;Saint-Petersburg;Mathtouch;Y
Maris;Nee;16.08.2020;Moscow;Ron-tech;N
Chasidy;Nixon;16.08.2020;Vorkuta;Openlane;N
Chasidy;Nixon;16.08.2020;Vorkuta;Openlane;Y
Terina;Shira;16.08.2020;Yekaterinburg;Labdrill;N
Gwendolyn;Westerlund;16.08.2020;Yekaterinburg;Donware;N
Pamelia;Bergquist;17.08.2020;Saint-Petersburg;Mathtouch;Y
Mikel;Brockway;17.08.2020;Sochi;Xx-holding;N
Mirta;Cannon;17.08.2020;Yekaterinburg;Sumace;N
Mirta;Cannon;17.08.2020;Yekaterinburg;Sumace;N
Edmond;Dawe;17.08.2020;Norilsk;Betasoloin;N
Edmond;Dawe;17.08.2020;Norilsk;Ontomedia;N
Susan;Duffield;17.08.2020;Sochi;Xx-holding;N
Ailene;Frieden;17.08.2020;Norilsk;dambase;Y
Ailene;Frieden;17.08.2020;Norilsk;dambase;Y
Willy;Frink;17.08.2020;Yekaterinburg;Sumace;N
Arlyne;Honda;17.08.2020;Norilsk;Sunnamplex;Y
Arlyne;Honda;17.08.2020;Norilsk;dambase;Y
Alfredo;Hursey;17.08.2020;Yekaterinburg;Plusstrip;Y
Jalisa;Keala;17.08.2020;Yekaterinburg;Zumgoity;N
Regena;Kita;17.08.2020;Yekaterinburg;Plusstrip;Y
Regena;Kita;17.08.2020;Yekaterinburg;Plusstrip;Y
Sylvia;Olander;17.08.2020;Vorkuta;Nam-zim;Y
Tonisha;Vanbeek;17.08.2020;Sochi;Rangreen;N
Merrie;Weideman;17.08.2020;Vorkuta;Opentech;Y
Maryann;Weldy;17.08.2020;Sochi;Rangreen;N
Lakendra;Zick;17.08.2020;Norilsk;Ontomedia;N
Lakendra;Zick;17.08.2020;Norilsk;dambase;Y
Lashell;Abbas;18.08.2020;Yekaterinburg;Sumace;Y
Luanne;Boucher;18.08.2020;Norilsk;dambase;N
Jeniffer;Brace;18.08.2020;Moscow;Toughzap;Y
Irena;Byrge;18.08.2020;Norilsk;Scottech;N
Loyd;Grosz;18.08.2020;Vorkuta;Openlane;N
Euna;Mak;18.08.2020;Sochi;Funholding;Y
Winter;Mckillop;18.08.2020;Norilsk;Betasoloin;N
Stephani;Mincy;18.08.2020;Saint-Petersburg;Groovestreet;N
Dreama;Moman;18.08.2020;Saint-Petersburg;Treequote;Y
Maris;Nee;18.08.2020;Moscow;Toughzap;N
Daniela;Russaw;18.08.2020;Sochi;Xx-holding;N
Justina;Stonecipher;18.08.2020;Sochi;Funholding;N
Chas;Vandever;18.08.2020;Sochi;Rangreen;N
Latonia;Vanwyk;18.08.2020;Vorkuta;Openlane;N
Levi;Basham;19.08.2020;Norilsk;Ontomedia;N
Loraine;Bensley;19.08.2020;Sochi;Rangreen;N
Mikel;Brockway;19.08.2020;Sochi;Plussunin;Y
Irena;Byrge;19.08.2020;Norilsk;Ontomedia;N
Mirta;Cannon;19.08.2020;Yekaterinburg;Zumgoity;Y
Jovita;Fesler;19.08.2020;Sochi;Plussunin;Y
Elmer;Gean;19.08.2020;Yekaterinburg;Donware;N
Elmer;Gean;19.08.2020;Yekaterinburg;Labdrill;N
Rudolph;Glickman;19.08.2020;Yekaterinburg;Sumace;Y
Debora;Hoang;19.08.2020;Saint-Petersburg;Treequote;N
Joanne;Kingery;19.08.2020;Yekaterinburg;Donware;Y
Genesis;Kowalczyk;19.08.2020;Saint-Petersburg;Mathtouch;Y
Ranae;Lumpkins;19.08.2020;Saint-Petersburg;Bioplex;N
Terrence;Mustafa;19.08.2020;Yekaterinburg;Sumace;Y
January;Randazzo;19.08.2020;Sochi;Funholding;Y
Vena;Sedor;19.08.2020;Vorkuta;Opentech;Y
Hanh;Whitesell;19.08.2020;Saint-Petersburg;Domzoom;Y
Twana;Willet;19.08.2020;Norilsk;Ontomedia;N
Zofia;Ambler;20.08.2020;Vorkuta;Openlane;N
Loraine;Bensley;20.08.2020;Sochi;Funholding;N
Jeniffer;Brace;20.08.2020;Moscow;Ron-tech;N
Carlene;Felice;20.08.2020;Sochi;Funholding;N
Carmelina;Hewett;20.08.2020;Vorkuta;Opentech;N
Debora;Hoang;20.08.2020;Saint-Petersburg;Groovestreet;N
Lesa;Mehaffey;20.08.2020;Norilsk;dambase;Y
January;Randazzo;20.08.2020;Sochi;Xx-holding;N
January;Randazzo;20.08.2020;Sochi;Xx-holding;N
Rolf;Sharrow;20.08.2020;Yekaterinburg;Sumace;N
Rolf;Sharrow;20.08.2020;Yekaterinburg;Plusstrip;Y
Terina;Shira;20.08.2020;Yekaterinburg;Plusstrip;Y
Mariette;Swick;20.08.2020;Moscow;Rantouch;N
Latonia;Vanwyk;20.08.2020;Vorkuta;Donquadtech;N
Hanh;Whitesell;20.08.2020;Saint-Petersburg;year-job;N
Jude;Brashier;21.08.2020;Yekaterinburg;Plusstrip;N
Douglas;Charity;21.08.2020;Moscow;Faxquote;N
Annalee;Gulbranson;21.08.2020;Vorkuta;Openlane;Y
Louanne;Hillwig;21.08.2020;Yekaterinburg;Sumace;Y
Shayna;Mahan;21.08.2020;Sochi;Rangreen;Y
Lesa;Mehaffey;21.08.2020;Norilsk;Betasoloin;N
Terrence;Mustafa;21.08.2020;Yekaterinburg;Sumace;Y
Emilie;Nemitz;21.08.2020;Sochi;Rangreen;Y
Beverley;Silveira;21.08.2020;Sochi;Xx-holding;Y
Justina;Stonecipher;21.08.2020;Sochi;Funholding;N
Andera;Valliere;21.08.2020;Norilsk;Sunnamplex;Y
Zofia;Ambler;22.08.2020;Vorkuta;Condax;Y
Zofia;Ambler;22.08.2020;Vorkuta;Openlane;N
Herta;Blind;22.08.2020;Vorkuta;Donquadtech;N
Gena;Dacanay;22.08.2020;Sochi;Funholding;Y
Mason;Henslee;22.08.2020;Sochi;Xx-holding;Y
Winter;Mckillop;22.08.2020;Norilsk;Ontomedia;N
Dreama;Moman;22.08.2020;Saint-Petersburg;Treequote;Y
Emilie;Nemitz;22.08.2020;Sochi;Rangreen;N
Connie;Newingham;22.08.2020;Norilsk;Iselectrics;N
Mariette;Swick;22.08.2020;Moscow;Faxquote;N
Susan;Duffield;23.08.2020;Sochi;Hottechi;Y
Lesa;Mehaffey;23.08.2020;Norilsk;Betasoloin;Y
Bobette;Shuff;23.08.2020;Norilsk;Betasoloin;N
Herta;Blind;24.08.2020;Vorkuta;Openlane;Y
Cristopher;Brownfield;24.08.2020;Moscow;Rantouch;Y
Celsa;Bumbalough;24.08.2020;Norilsk;dambase;N
Irena;Byrge;24.08.2020;Norilsk;Sunnamplex;Y
Gregoria;Fant;24.08.2020;Vorkuta;Opentech;N
Gregoria;Fant;24.08.2020;Vorkuta;Isdom;Y
Jovita;Fesler;24.08.2020;Sochi;Funholding;N
Carmelina;Hewett;24.08.2020;Vorkuta;Condax;N
Chasidy;Nixon;24.08.2020;Vorkuta;Condax;N
Shaniqua;Truesdale;24.08.2020;Moscow;Toughzap;N
Kellie;Bail;25.08.2020;Vorkuta;Nam-zim;N
Levi;Basham;25.08.2020;Norilsk;Ontomedia;Y
Zina;Bilal;25.08.2020;Norilsk;Scottech;N
Herta;Blind;25.08.2020;Vorkuta;Opentech;Y
Mikel;Brockway;25.08.2020;Sochi;Funholding;N
Mirta;Cannon;25.08.2020;Yekaterinburg;Labdrill;N
Susan;Duffield;25.08.2020;Sochi;Plussunin;Y
Leland;Gales;25.08.2020;Yekaterinburg;Scotfind;N
Helene;Hargrove;25.08.2020;Norilsk;Sunnamplex;N
Bobette;Shuff;25.08.2020;Norilsk;Sunnamplex;N
Maryann;Weldy;25.08.2020;Sochi;Xx-holding;Y
Zina;Bilal;26.08.2020;Norilsk;Scottech;N
Cristopher;Brownfield;26.08.2020;Moscow;Ron-tech;N
Annalee;Gulbranson;26.08.2020;Vorkuta;Condax;Y
Debora;Hoang;26.08.2020;Saint-Petersburg;Groovestreet;N
Arlyne;Honda;26.08.2020;Norilsk;Iselectrics;Y
Jalisa;Keala;26.08.2020;Yekaterinburg;Scotfind;N
Regena;Kita;26.08.2020;Yekaterinburg;Plusstrip;N
Sylvia;Olander;26.08.2020;Vorkuta;Condax;Y
Darcey;Heide;27.08.2020;Norilsk;Betasoloin;Y
Levi;Basham;28.08.2020;Norilsk;dambase;N
Loraine;Bensley;28.08.2020;Sochi;Rangreen;N
Jeniffer;Brace;28.08.2020;Moscow;Ron-tech;Y
Celsa;Bumbalough;28.08.2020;Norilsk;Zencorporation;N
August;Darland;28.08.2020;Norilsk;Scottech;N
Gregoria;Fant;28.08.2020;Vorkuta;Opentech;N
Jovita;Fesler;28.08.2020;Sochi;Plussunin;Y
Helene;Hargrove;28.08.2020;Norilsk;Scottech;N
Mason;Henslee;28.08.2020;Sochi;Rangreen;Y
Carmelina;Hewett;28.08.2020;Vorkuta;Openlane;N
Debora;Hoang;28.08.2020;Saint-Petersburg;year-job;N
Stephani;Mincy;28.08.2020;Saint-Petersburg;Treequote;N
Connie;Newingham;28.08.2020;Norilsk;dambase;N
Vena;Sedor;28.08.2020;Vorkuta;Nam-zim;N
Shaniqua;Truesdale;28.08.2020;Moscow;Toughzap;Y
Chas;Vandever;28.08.2020;Sochi;Hottechi;N
Kellie;Bail;29.08.2020;Vorkuta;Opentech;N
Levi;Basham;29.08.2020;Norilsk;Scottech;Y
Zina;Bilal;29.08.2020;Norilsk;Sunnamplex;N
Dreama;Moman;29.08.2020;Saint-Petersburg;Groovestreet;N
Jude;Brashier;30.08.2020;Yekaterinburg;Labdrill;Y
Sylvia;Olander;30.08.2020;Vorkuta;Opentech;Y
Merrie;Weideman;30.08.2020;Vorkuta;Condax;Y
Lakendra;Zick;30.08.2020;Norilsk;Betasoloin;N
Lavina;Ackles;31.08.2020;Saint-Petersburg;year-job;N
Irena;Byrge;31.08.2020;Norilsk;dambase;Y
Trenton;Dargan;31.08.2020;Yekaterinburg;Plusstrip;Y
Debora;Hoang;31.08.2020;Saint-Petersburg;Groovestreet;N
Chasidy;Nixon;31.08.2020;Vorkuta;Condax;Y
Charlette;Radtke;31.08.2020;Yekaterinburg;Labdrill;Y
Rolf;Sharrow;31.08.2020;Yekaterinburg;Zumgoity;N
Zofia;Ambler;01.09.2020;Vorkuta;Isdom;Y
Carmelina;Hewett;01.09.2020;Vorkuta;Lexiqvolax;Y
Ja;Moscato;01.09.2020;Saint-Petersburg;Treequote;Y
January;Randazzo;01.09.2020;Sochi;Funholding;N
Terina;Shira;01.09.2020;Yekaterinburg;Donware;Y
Edmond;Dawe;02.09.2020;Norilsk;Zencorporation;Y
Alfredo;Hursey;02.09.2020;Yekaterinburg;Plusstrip;N
Loraine;Bensley;03.09.2020;Sochi;Xx-zobam;N
Joanne;Kingery;03.09.2020;Yekaterinburg;Plusstrip;Y
Dan;Rozelle;03.09.2020;Norilsk;Zencorporation;Y
Rolf;Sharrow;03.09.2020;Yekaterinburg;Zumgoity;Y
Chas;Vandever;03.09.2020;Sochi;Xx-holding;N
Katina;Abernethy;04.09.2020;Norilsk;Iselectrics;Y
Kellie;Bail;04.09.2020;Vorkuta;Opentech;Y
Kellie;Bail;04.09.2020;Vorkuta;Openlane;Y
Raisa;Benford;04.09.2020;Yekaterinburg;Donware;N
Pamelia;Bergquist;04.09.2020;Saint-Petersburg;Green-Plus;Y
Jeniffer;Brace;04.09.2020;Moscow;Toughzap;Y
Jeniffer;Brace;04.09.2020;Moscow;Toughzap;N
Jude;Brashier;04.09.2020;Yekaterinburg;Zumgoity;Y
Mirta;Cannon;04.09.2020;Yekaterinburg;Plusstrip;Y
Mirta;Cannon;04.09.2020;Yekaterinburg;Donware;Y
Douglas;Charity;04.09.2020;Moscow;Ron-tech;Y
Susan;Duffield;04.09.2020;Sochi;Plussunin;Y
Carlene;Felice;04.09.2020;Sochi;Funholding;Y
Mason;Henslee;04.09.2020;Sochi;Rangreen;N
Mason;Henslee;04.09.2020;Sochi;Funholding;N
Carmelina;Hewett;04.09.2020;Vorkuta;Isdom;Y
Debora;Hoang;04.09.2020;Saint-Petersburg;Mathtouch;N
Debora;Hoang;04.09.2020;Saint-Petersburg;Bioplex;Y
Alfredo;Hursey;04.09.2020;Yekaterinburg;Sumace;Y
Tawny;Jeske;04.09.2020;Sochi;Fasehatice;Y
Euna;Mak;04.09.2020;Sochi;Funholding;N
Maris;Nee;04.09.2020;Moscow;Betatech;N
Emilie;Nemitz;04.09.2020;Sochi;Rangreen;N
Connie;Newingham;04.09.2020;Norilsk;dambase;Y
Charlette;Radtke;04.09.2020;Yekaterinburg;Scotfind;N
Leonie;Rakowski;04.09.2020;Norilsk;Sunnamplex;Y
Mariette;Swick;04.09.2020;Moscow;Rantouch;Y
Andera;Valliere;04.09.2020;Norilsk;Sunnamplex;Y
Andera;Valliere;04.09.2020;Norilsk;Sunnamplex;N
Andera;Valliere;04.09.2020;Norilsk;dambase;Y
Kristle;Vien;04.09.2020;Sochi;Bioholding;N
Kristle;Vien;04.09.2020;Sochi;Rangreen;N
Twana;Willet;04.09.2020;Norilsk;dambase;N
Lashell;Abbas;05.09.2020;Yekaterinburg;Plusstrip;Y
Kellie;Bail;05.09.2020;Vorkuta;Openlane;Y
Raisa;Benford;05.09.2020;Yekaterinburg;Donware;Y
Herta;Blind;05.09.2020;Vorkuta;Opentech;Y
Cristopher;Brownfield;05.09.2020;Moscow;Ron-tech;N
Niki;Castano;05.09.2020;Vorkuta;Isdom;N
Laronda;Coe;05.09.2020;Yekaterinburg;Donware;N
August;Darland;05.09.2020;Norilsk;dambase;N
Helene;Hargrove;05.09.2020;Norilsk;Sunnamplex;Y
Victor;Hilliker;05.09.2020;Saint-Petersburg;year-job;Y
Joanne;Kingery;05.09.2020;Yekaterinburg;Donware;Y
Soraya;Lashbrook;05.09.2020;Saint-Petersburg;year-job;N
Yen;Latimore;05.09.2020;Sochi;Rangreen;Y
Ranae;Lumpkins;05.09.2020;Saint-Petersburg;Mathtouch;N
Shayna;Mahan;05.09.2020;Sochi;Rangreen;N
Shayna;Mahan;05.09.2020;Sochi;Xx-holding;N
Stephani;Mincy;05.09.2020;Saint-Petersburg;Bioplex;Y
Stephani;Mincy;05.09.2020;Saint-Petersburg;Mathtouch;N
Dreama;Moman;05.09.2020;Saint-Petersburg;Domzoom;Y
Chasidy;Nixon;05.09.2020;Vorkuta;Condax;Y
Louie;Scarpelli;05.09.2020;Norilsk;dambase;Y
Terina;Shira;05.09.2020;Yekaterinburg;Plusstrip;N
Terina;Shira;05.09.2020;Yekaterinburg;Labdrill;Y
Mariette;Swick;05.09.2020;Moscow;Faxquote;Y
Lavina;Ackles;06.09.2020;Saint-Petersburg;year-job;Y
Mirta;Cannon;06.09.2020;Yekaterinburg;Donware;Y
Daniele;Euell;06.09.2020;Norilsk;dambase;Y
Ailene;Frieden;06.09.2020;Norilsk;Ontomedia;N
Regena;Kita;06.09.2020;Yekaterinburg;Donware;N
Soraya;Lashbrook;06.09.2020;Saint-Petersburg;Mathtouch;N
Richie;Petrey;06.09.2020;Sochi;Rangreen;N
Louie;Scarpelli;06.09.2020;Norilsk;dambase;N
Rachael;Scheff;06.09.2020;Vorkuta;Opentech;N
Rachael;Scheff;06.09.2020;Vorkuta;Openlane;N
Danae;Smullen;06.09.2020;Sochi;Rangreen;N
Kristle;Vien;06.09.2020;Sochi;Rangreen;N
Lakendra;Zick;06.09.2020;Norilsk;Ontomedia;N
Lashell;Abbas;07.09.2020;Yekaterinburg;Sumace;Y
Lavina;Ackles;07.09.2020;Saint-Petersburg;Bioplex;N
Gregoria;Fant;07.09.2020;Vorkuta;Opentech;N
Sherryl;Gateley;07.09.2020;Norilsk;dambase;N
Darcey;Heide;07.09.2020;Norilsk;dambase;Y
Carmelina;Hewett;07.09.2020;Vorkuta;Openlane;Y
Soraya;Lashbrook;07.09.2020;Saint-Petersburg;Mathtouch;Y
Maris;Nee;07.09.2020;Moscow;Faxquote;N
Charlette;Radtke;07.09.2020;Yekaterinburg;Donware;N
Magdalena;Ratcliffe;07.09.2020;Yekaterinburg;Sumace;Y
Maryann;Weldy;07.09.2020;Sochi;Rangreen;Y
Lakendra;Zick;07.09.2020;Norilsk;dambase;Y
Kellie;Bail;08.09.2020;Vorkuta;Condax;Y
Loraine;Bensley;08.09.2020;Sochi;Funholding;N
Pamelia;Bergquist;08.09.2020;Saint-Petersburg;year-job;N
Jude;Brashier;08.09.2020;Yekaterinburg;Donware;Y
Laronda;Coe;08.09.2020;Yekaterinburg;Donware;N
Laronda;Coe;08.09.2020;Yekaterinburg;Plusstrip;N
Edmond;Dawe;08.09.2020;Norilsk;Ontomedia;N
Edmond;Dawe;08.09.2020;Norilsk;Ontomedia;Y
Susan;Duffield;08.09.2020;Sochi;Rangreen;Y
Gregoria;Fant;08.09.2020;Vorkuta;Nam-zim;Y
Jovita;Fesler;08.09.2020;Sochi;Plussunin;N
Loyd;Grosz;08.09.2020;Vorkuta;Openlane;N
Helene;Hargrove;08.09.2020;Norilsk;Betasoloin;N
Louanne;Hillwig;08.09.2020;Yekaterinburg;Donware;Y
Debora;Hoang;08.09.2020;Saint-Petersburg;year-job;N
Arlyne;Honda;08.09.2020;Norilsk;dambase;Y
Starr;Krogh;08.09.2020;Saint-Petersburg;year-job;N
Connie;Newingham;08.09.2020;Norilsk;dambase;N
Connie;Newingham;08.09.2020;Norilsk;dambase;N
Chasidy;Nixon;08.09.2020;Vorkuta;Openlane;N
Richie;Petrey;08.09.2020;Sochi;Rangreen;N
Charlette;Radtke;08.09.2020;Yekaterinburg;Sumace;N
Leonie;Rakowski;08.09.2020;Norilsk;dambase;Y
Dan;Rozelle;08.09.2020;Norilsk;Sunnamplex;N
Rolf;Sharrow;08.09.2020;Yekaterinburg;Plusstrip;N
Terina;Shira;08.09.2020;Yekaterinburg;Donware;N
Bobette;Shuff;08.09.2020;Norilsk;Ontomedia;Y
Justina;Stonecipher;08.09.2020;Sochi;Rangreen;N
Mariette;Swick;08.09.2020;Moscow;Faxquote;N
Shaniqua;Truesdale;08.09.2020;Moscow;Toughzap;N
Andera;Valliere;08.09.2020;Norilsk;Ontomedia;N
Merrie;Weideman;08.09.2020;Vorkuta;Openlane;N
Lakendra;Zick;08.09.2020;Norilsk;Sunnamplex;N
Levi;Basham;09.09.2020;Norilsk;dambase;Y
Loraine;Bensley;09.09.2020;Sochi;Plussunin;N
Luanne;Boucher;09.09.2020;Norilsk;dambase;Y
Jeniffer;Brace;09.09.2020;Moscow;Singletechno;Y
Cristopher;Brownfield;09.09.2020;Moscow;Toughzap;N
Cristopher;Brownfield;09.09.2020;Moscow;Toughzap;N
Irena;Byrge;09.09.2020;Norilsk;dambase;Y
Irena;Byrge;09.09.2020;Norilsk;dambase;N
Mirta;Cannon;09.09.2020;Yekaterinburg;Donware;N
Daniele;Euell;09.09.2020;Norilsk;Betasoloin;Y
Gregoria;Fant;09.09.2020;Vorkuta;Openlane;Y
Carlene;Felice;09.09.2020;Sochi;Plussunin;N
Jovita;Fesler;09.09.2020;Sochi;Plussunin;Y
Sherryl;Gateley;09.09.2020;Norilsk;dambase;N
Loyd;Grosz;09.09.2020;Vorkuta;Openlane;N
Annalee;Gulbranson;09.09.2020;Vorkuta;Openlane;N
Helene;Hargrove;09.09.2020;Norilsk;Ontomedia;N
Mason;Henslee;09.09.2020;Sochi;Xx-holding;Y
Victor;Hilliker;09.09.2020;Saint-Petersburg;year-job;N
Tawny;Jeske;09.09.2020;Sochi;Funholding;N
Regena;Kita;09.09.2020;Yekaterinburg;Labdrill;N
Genesis;Kowalczyk;09.09.2020;Saint-Petersburg;year-job;N
Yen;Latimore;09.09.2020;Sochi;Rangreen;Y
Shayna;Mahan;09.09.2020;Sochi;Xx-holding;N
Shayna;Mahan;09.09.2020;Sochi;Rangreen;Y
Euna;Mak;09.09.2020;Sochi;Rangreen;Y
Stephani;Mincy;09.09.2020;Saint-Petersburg;year-job;N
Maris;Nee;09.09.2020;Moscow;Toughzap;Y
Sylvia;Olander;09.09.2020;Vorkuta;Condax;N
January;Randazzo;09.09.2020;Sochi;Plussunin;N
Magdalena;Ratcliffe;09.09.2020;Yekaterinburg;Sumace;Y
Dan;Rozelle;09.09.2020;Norilsk;Ontomedia;N
Terina;Shira;09.09.2020;Yekaterinburg;Donware;Y
Bobette;Shuff;09.09.2020;Norilsk;Ontomedia;Y
Beverley;Silveira;09.09.2020;Sochi;Rangreen;N
Justina;Stonecipher;09.09.2020;Sochi;Rangreen;N
Mariette;Swick;09.09.2020;Moscow;Rantouch;Y
Chas;Vandever;09.09.2020;Sochi;Plussunin;N
Gwendolyn;Westerlund;09.09.2020;Yekaterinburg;Zumgoity;Y
Hanh;Whitesell;09.09.2020;Saint-Petersburg;year-job;N
Twana;Willet;09.09.2020;Norilsk;dambase;N
Lakendra;Zick;09.09.2020;Norilsk;Scottech;Y
Raisa;Benford;10.09.2020;Yekaterinburg;Plusstrip;N
Zina;Bilal;10.09.2020;Norilsk;Ontomedia;N
Jeniffer;Brace;10.09.2020;Moscow;Rantouch;Y
Irena;Byrge;10.09.2020;Norilsk;dambase;Y
Daniele;Euell;10.09.2020;Norilsk;Sunnamplex;N
Carlene;Felice;10.09.2020;Sochi;Funholding;N
Ailene;Frieden;10.09.2020;Norilsk;Ontomedia;Y
Leland;Gales;10.09.2020;Yekaterinburg;Donware;Y
Sherryl;Gateley;10.09.2020;Norilsk;dambase;Y
Helene;Hargrove;10.09.2020;Norilsk;Scottech;Y
Victor;Hilliker;10.09.2020;Saint-Petersburg;year-job;Y
Louanne;Hillwig;10.09.2020;Yekaterinburg;Sumace;N
Arlyne;Honda;10.09.2020;Norilsk;dambase;Y
Regena;Kita;10.09.2020;Yekaterinburg;Sumace;Y
Ranae;Lumpkins;10.09.2020;Saint-Petersburg;year-job;Y
Ranae;Lumpkins;10.09.2020;Saint-Petersburg;Bioplex;N
Euna;Mak;10.09.2020;Sochi;Xx-holding;Y
Emilie;Nemitz;10.09.2020;Sochi;Hottechi;N
Connie;Newingham;10.09.2020;Norilsk;Betasoloin;N
Charlette;Radtke;10.09.2020;Yekaterinburg;Zumgoity;N
Magdalena;Ratcliffe;10.09.2020;Yekaterinburg;Donware;Y
Louie;Scarpelli;10.09.2020;Norilsk;dambase;N
Rolf;Sharrow;10.09.2020;Yekaterinburg;Donware;N
Terina;Shira;10.09.2020;Yekaterinburg;Donware;Y
Mariette;Swick;10.09.2020;Moscow;Toughzap;Y
Latonia;Vanwyk;10.09.2020;Vorkuta;Openlane;N
Gwendolyn;Westerlund;10.09.2020;Yekaterinburg;Labdrill;N
Hanh;Whitesell;10.09.2020;Saint-Petersburg;Bioplex;Y
Hanh;Whitesell;10.09.2020;Saint-Petersburg;year-job;N
Lashell;Abbas;11.09.2020;Yekaterinburg;Labdrill;Y
Zofia;Ambler;11.09.2020;Vorkuta;Isdom;N
Raisa;Benford;11.09.2020;Yekaterinburg;Scotfind;N
Luanne;Boucher;11.09.2020;Norilsk;Ontomedia;N
Jeniffer;Brace;11.09.2020;Moscow;Toughzap;N
Mikel;Brockway;11.09.2020;Sochi;Funholding;N
Cristopher;Brownfield;11.09.2020;Moscow;Faxquote;Y
Niki;Castano;11.09.2020;Vorkuta;Opentech;Y
Susan;Duffield;11.09.2020;Sochi;Hottechi;Y
Willy;Frink;11.09.2020;Yekaterinburg;Sumace;Y
Rudolph;Glickman;11.09.2020;Yekaterinburg;Sumace;N
Joanne;Kingery;11.09.2020;Yekaterinburg;Zumgoity;N
Starr;Krogh;11.09.2020;Saint-Petersburg;Bioplex;Y
Euna;Mak;11.09.2020;Sochi;Rangreen;Y
Winter;Mckillop;11.09.2020;Norilsk;dambase;Y
Stephani;Mincy;11.09.2020;Saint-Petersburg;Mathtouch;Y
Ja;Moscato;11.09.2020;Saint-Petersburg;year-job;N
Connie;Newingham;11.09.2020;Norilsk;Zencorporation;Y
Chasidy;Nixon;11.09.2020;Vorkuta;Condax;N
January;Randazzo;11.09.2020;Sochi;Xx-holding;N
Dan;Rozelle;11.09.2020;Norilsk;dambase;Y
Dan;Rozelle;11.09.2020;Norilsk;Ontomedia;N
Daniela;Russaw;11.09.2020;Sochi;Rangreen;N
Terina;Shira;11.09.2020;Yekaterinburg;Labdrill;N
Beverley;Silveira;11.09.2020;Sochi;Xx-holding;Y
Danae;Smullen;11.09.2020;Sochi;Funholding;Y
Chas;Vandever;11.09.2020;Sochi;Funholding;N
Merrie;Weideman;11.09.2020;Vorkuta;Opentech;N
Maryann;Weldy;11.09.2020;Sochi;Funholding;N
Maryann;Weldy;11.09.2020;Sochi;Rangreen;Y
Lashell;Abbas;12.09.2020;Yekaterinburg;Sonron;N
Katina;Abernethy;12.09.2020;Norilsk;Betasoloin;Y
Katina;Abernethy;12.09.2020;Norilsk;dambase;N
Lavina;Ackles;12.09.2020;Saint-Petersburg;Mathtouch;N
Zofia;Ambler;12.09.2020;Vorkuta;Openlane;N
Pamelia;Bergquist;12.09.2020;Saint-Petersburg;year-job;N
Zina;Bilal;12.09.2020;Norilsk;Betasoloin;Y
Zina;Bilal;12.09.2020;Norilsk;dambase;Y
Mikel;Brockway;12.09.2020;Sochi;Funholding;Y
Douglas;Charity;12.09.2020;Moscow;Faxquote;N
Gena;Dacanay;12.09.2020;Sochi;Rangreen;Y
Trenton;Dargan;12.09.2020;Yekaterinburg;Plusstrip;Y
Trenton;Dargan;12.09.2020;Yekaterinburg;Donware;Y
August;Darland;12.09.2020;Norilsk;Ontomedia;Y
Carlene;Felice;12.09.2020;Sochi;Xx-holding;N
Carlene;Felice;12.09.2020;Sochi;Funholding;Y
Carlene;Felice;12.09.2020;Sochi;Rangreen;N
Ailene;Frieden;12.09.2020;Norilsk;dambase;N
Loyd;Grosz;12.09.2020;Vorkuta;Openlane;Y
Darcey;Heide;12.09.2020;Norilsk;dambase;Y
Tawny;Jeske;12.09.2020;Sochi;Plussunin;N
Starr;Krogh;12.09.2020;Saint-Petersburg;Mathtouch;N
Yen;Latimore;12.09.2020;Sochi;Rangreen;Y
Maris;Nee;12.09.2020;Moscow;Faxquote;N
Emilie;Nemitz;12.09.2020;Sochi;Xx-holding;N
Connie;Newingham;12.09.2020;Norilsk;dambase;Y
Charlette;Radtke;12.09.2020;Yekaterinburg;Donware;Y
Leonie;Rakowski;12.09.2020;Norilsk;Scottech;N
Magdalena;Ratcliffe;12.09.2020;Yekaterinburg;Donware;Y
Hector;Redwine;12.09.2020;Norilsk;Betasoloin;Y
Vena;Sedor;12.09.2020;Vorkuta;Condax;N
Rolf;Sharrow;12.09.2020;Yekaterinburg;Donware;Y
Shaniqua;Truesdale;12.09.2020;Moscow;Toughzap;N
Latonia;Vanwyk;12.09.2020;Vorkuta;Openlane;Y
Gwendolyn;Westerlund;12.09.2020;Yekaterinburg;Scotfind;Y
Gwendolyn;Westerlund;12.09.2020;Yekaterinburg;Donware;Y
Lakendra;Zick;12.09.2020;Norilsk;Scottech;Y
Lavina;Ackles;13.09.2020;Saint-Petersburg;Domzoom;N
Kellie;Bail;13.09.2020;Vorkuta;Nam-zim;N
Zina;Bilal;13.09.2020;Norilsk;Iselectrics;Y
Cristopher;Brownfield;13.09.2020;Moscow;Ron-tech;N
Celsa;Bumbalough;13.09.2020;Norilsk;dambase;N
Niki;Castano;13.09.2020;Vorkuta;Openlane;Y
Laronda;Coe;13.09.2020;Yekaterinburg;Stanredtax;N
Trenton;Dargan;13.09.2020;Yekaterinburg;Labdrill;Y
August;Darland;13.09.2020;Norilsk;Sunnamplex;N
Gregoria;Fant;13.09.2020;Vorkuta;Lexiqvolax;N
Jovita;Fesler;13.09.2020;Sochi;Funholding;N
Leland;Gales;13.09.2020;Yekaterinburg;Sumace;N
Elmer;Gean;13.09.2020;Yekaterinburg;Sumace;N
Tawny;Jeske;13.09.2020;Sochi;Funholding;Y
Jalisa;Keala;13.09.2020;Yekaterinburg;Donware;N
Genesis;Kowalczyk;13.09.2020;Saint-Petersburg;Mathtouch;Y
Starr;Krogh;13.09.2020;Saint-Petersburg;year-job;Y
Soraya;Lashbrook;13.09.2020;Saint-Petersburg;Mathtouch;N
Dreama;Moman;13.09.2020;Saint-Petersburg;Bioplex;Y
Dreama;Moman;13.09.2020;Saint-Petersburg;year-job;N
Emilie;Nemitz;13.09.2020;Sochi;Plussunin;Y
Chasidy;Nixon;13.09.2020;Vorkuta;Condax;Y
Chasidy;Nixon;13.09.2020;Vorkuta;Openlane;Y
Charlette;Radtke;13.09.2020;Yekaterinburg;Plusstrip;N
Daniela;Russaw;13.09.2020;Sochi;Funholding;Y
Vena;Sedor;13.09.2020;Vorkuta;Opentech;Y
Danae;Smullen;13.09.2020;Sochi;Xx-holding;Y
Kristle;Vien;13.09.2020;Sochi;Funholding;Y
Loraine;Bensley;14.09.2020;Sochi;Rangreen;Y
Pamelia;Bergquist;14.09.2020;Saint-Petersburg;year-job;Y
Luanne;Boucher;14.09.2020;Norilsk;Betasoloin;Y
Jeniffer;Brace;14.09.2020;Moscow;Faxquote;Y
Jude;Brashier;14.09.2020;Yekaterinburg;Donware;Y
Jude;Brashier;14.09.2020;Yekaterinburg;Donware;N
Mirta;Cannon;14.09.2020;Yekaterinburg;Stanredtax;Y
Laronda;Coe;14.09.2020;Yekaterinburg;Sumace;N
Edmond;Dawe;14.09.2020;Norilsk;Zotware;N
Gregoria;Fant;14.09.2020;Vorkuta;Donquadtech;Y
Annalee;Gulbranson;14.09.2020;Vorkuta;Condax;Y
Debora;Hoang;14.09.2020;Saint-Petersburg;Bioplex;N
Arlyne;Honda;14.09.2020;Norilsk;Betasoloin;N
Alfredo;Hursey;14.09.2020;Yekaterinburg;Donware;Y
Tawny;Jeske;14.09.2020;Sochi;Rangreen;N
Regena;Kita;14.09.2020;Yekaterinburg;Sumace;N
Lesa;Mehaffey;14.09.2020;Norilsk;dambase;Y
Emilie;Nemitz;14.09.2020;Sochi;Rangreen;Y
Connie;Newingham;14.09.2020;Norilsk;Zotware;N
Vena;Sedor;14.09.2020;Vorkuta;Condax;Y
Tonisha;Vanbeek;14.09.2020;Sochi;Xx-holding;N
Tonisha;Vanbeek;14.09.2020;Sochi;Funholding;N
Merrie;Weideman;14.09.2020;Vorkuta;Openlane;N
Zofia;Ambler;15.09.2020;Vorkuta;Openlane;Y
Douglas;Charity;15.09.2020;Moscow;Faxquote;N
Gena;Dacanay;15.09.2020;Sochi;Rangreen;N
Ranae;Lumpkins;15.09.2020;Saint-Petersburg;Mathtouch;Y
Shayna;Mahan;15.09.2020;Sochi;Plussunin;N
Winter;Mckillop;15.09.2020;Norilsk;Betasoloin;N
January;Randazzo;15.09.2020;Sochi;Rangreen;N
Hector;Redwine;15.09.2020;Norilsk;dambase;N
Beverley;Silveira;15.09.2020;Sochi;Rangreen;N
Justina;Stonecipher;15.09.2020;Sochi;Funholding;Y
Merrie;Weideman;15.09.2020;Vorkuta;Openlane;N
Katina;Abernethy;16.09.2020;Norilsk;Betasoloin;Y
Katina;Abernethy;16.09.2020;Norilsk;Ontomedia;Y
Kellie;Bail;16.09.2020;Vorkuta;Condax;Y
Levi;Basham;16.09.2020;Norilsk;dambase;N
Pamelia;Bergquist;16.09.2020;Saint-Petersburg;Mathtouch;Y
Mirta;Cannon;16.09.2020;Yekaterinburg;Labdrill;Y
August;Darland;16.09.2020;Norilsk;dambase;N
Susan;Duffield;16.09.2020;Sochi;Xx-holding;N
Susan;Duffield;16.09.2020;Sochi;Rangreen;N
Susan;Duffield;16.09.2020;Sochi;Funholding;N
Gregoria;Fant;16.09.2020;Vorkuta;Opentech;Y
Carlene;Felice;16.09.2020;Sochi;Plussunin;Y
Mason;Henslee;16.09.2020;Sochi;Plussunin;Y
Mason;Henslee;16.09.2020;Sochi;Rangreen;N
Debora;Hoang;16.09.2020;Saint-Petersburg;year-job;Y
Debora;Hoang;16.09.2020;Saint-Petersburg;Mathtouch;N
Arlyne;Honda;16.09.2020;Norilsk;Betasoloin;N
Arlyne;Honda;16.09.2020;Norilsk;Ontomedia;N
Tawny;Jeske;16.09.2020;Sochi;Plussunin;N
Regena;Kita;16.09.2020;Yekaterinburg;Donware;N
Yen;Latimore;16.09.2020;Sochi;Rangreen;N
Sylvia;Olander;16.09.2020;Vorkuta;Openlane;Y
Leonie;Rakowski;16.09.2020;Norilsk;Ontomedia;Y
Leonie;Rakowski;16.09.2020;Norilsk;Betasoloin;N
Rachael;Scheff;16.09.2020;Vorkuta;Condax;Y
Bobette;Shuff;16.09.2020;Norilsk;dambase;Y
Shaniqua;Truesdale;16.09.2020;Moscow;Toughzap;N
Shaniqua;Truesdale;16.09.2020;Moscow;Toughzap;N
Tonisha;Vanbeek;16.09.2020;Sochi;Funholding;N
Kristle;Vien;16.09.2020;Sochi;Funholding;Y
Kristle;Vien;16.09.2020;Sochi;Plussunin;Y
Gwendolyn;Westerlund;16.09.2020;Yekaterinburg;Sumace;Y
Gwendolyn;Westerlund;16.09.2020;Yekaterinburg;Sumace;N
Hanh;Whitesell;16.09.2020;Saint-Petersburg;Bioplex;N
Hanh;Whitesell;16.09.2020;Saint-Petersburg;Bioplex;Y
Herta;Blind;17.09.2020;Vorkuta;Openlane;N
Irena;Byrge;17.09.2020;Norilsk;Y-corporation;N
Jovita;Fesler;17.09.2020;Sochi;Xx-holding;Y
Sherryl;Gateley;17.09.2020;Norilsk;dambase;Y
Sherryl;Gateley;17.09.2020;Norilsk;Scottech;N
Annalee;Gulbranson;17.09.2020;Vorkuta;Opentech;Y
Helene;Hargrove;17.09.2020;Norilsk;Sunnamplex;N
Joanne;Kingery;17.09.2020;Yekaterinburg;Plusstrip;N
Louie;Scarpelli;17.09.2020;Norilsk;Betasoloin;Y
Levi;Basham;18.09.2020;Norilsk;Betasoloin;Y
Zina;Bilal;18.09.2020;Norilsk;Iselectrics;N
Herta;Blind;18.09.2020;Vorkuta;Openlane;Y
Cristopher;Brownfield;18.09.2020;Moscow;Faxquote;N
Celsa;Bumbalough;18.09.2020;Norilsk;Warephase;Y
Mirta;Cannon;18.09.2020;Yekaterinburg;Plusstrip;Y
Gena;Dacanay;18.09.2020;Sochi;Funholding;Y
Edmond;Dawe;18.09.2020;Norilsk;Scottech;Y
Leland;Gales;18.09.2020;Yekaterinburg;Donware;N
Arlyne;Honda;18.09.2020;Norilsk;dambase;N
Dan;Rozelle;18.09.2020;Norilsk;Ontomedia;N
Vena;Sedor;18.09.2020;Vorkuta;Opentech;N
Andera;Valliere;18.09.2020;Norilsk;Sunnamplex;N
Latonia;Vanwyk;18.09.2020;Vorkuta;Openlane;N
Lavina;Ackles;19.09.2020;Saint-Petersburg;Mathtouch;Y
Zina;Bilal;19.09.2020;Norilsk;Scottech;N
Jeniffer;Brace;19.09.2020;Moscow;Rantouch;Y
Daniele;Euell;19.09.2020;Norilsk;Ontomedia;N
Gregoria;Fant;19.09.2020;Vorkuta;Opentech;Y
Jovita;Fesler;19.09.2020;Sochi;Xx-holding;N
Ailene;Frieden;19.09.2020;Norilsk;Sunnamplex;N
Mason;Henslee;19.09.2020;Sochi;Xx-holding;N
Victor;Hilliker;19.09.2020;Saint-Petersburg;Mathtouch;N
Genesis;Kowalczyk;19.09.2020;Saint-Petersburg;Bioplex;N
Soraya;Lashbrook;19.09.2020;Saint-Petersburg;Bioplex;Y
Winter;Mckillop;19.09.2020;Norilsk;Ontomedia;N
Beverley;Silveira;19.09.2020;Sochi;Rangreen;N
Justina;Stonecipher;19.09.2020;Sochi;Rangreen;Y
Lashell;Abbas;20.09.2020;Yekaterinburg;Donware;Y
Raisa;Benford;20.09.2020;Yekaterinburg;Donware;N
Raisa;Benford;20.09.2020;Yekaterinburg;Donware;Y
Zina;Bilal;20.09.2020;Norilsk;Ontomedia;Y
Jude;Brashier;20.09.2020;Yekaterinburg;Sumace;Y
Daniele;Euell;20.09.2020;Norilsk;Scottech;N
Daniele;Euell;20.09.2020;Norilsk;Ontomedia;Y
Jovita;Fesler;20.09.2020;Sochi;Plussunin;Y
Ailene;Frieden;20.09.2020;Norilsk;dambase;Y
Carmelina;Hewett;20.09.2020;Vorkuta;Condax;N
Regena;Kita;20.09.2020;Yekaterinburg;Donware;N
Starr;Krogh;20.09.2020;Saint-Petersburg;Groovestreet;N
Soraya;Lashbrook;20.09.2020;Saint-Petersburg;Mathtouch;Y
Soraya;Lashbrook;20.09.2020;Saint-Petersburg;Mathtouch;N
Euna;Mak;20.09.2020;Sochi;Xx-holding;Y
Charlette;Radtke;20.09.2020;Yekaterinburg;Labdrill;N
Magdalena;Ratcliffe;20.09.2020;Yekaterinburg;Donware;Y
Terina;Shira;20.09.2020;Yekaterinburg;Sumace;Y
Bobette;Shuff;20.09.2020;Norilsk;Ontomedia;N
Shaniqua;Truesdale;20.09.2020;Moscow;Toughzap;N
Andera;Valliere;20.09.2020;Norilsk;Sunnamplex;N
Tonisha;Vanbeek;20.09.2020;Sochi;Xx-holding;N
Tonisha;Vanbeek;20.09.2020;Sochi;Funholding;Y
Kristle;Vien;20.09.2020;Sochi;Plussunin;Y
Hanh;Whitesell;20.09.2020;Saint-Petersburg;Treequote;Y
Twana;Willet;20.09.2020;Norilsk;Betasoloin;Y
Lashell;Abbas;21.09.2020;Yekaterinburg;Sumace;N
Louanne;Hillwig;21.09.2020;Yekaterinburg;Plusstrip;Y
Terrence;Mustafa;21.09.2020;Yekaterinburg;Donware;Y
Richie;Petrey;21.09.2020;Sochi;Xx-holding;Y
Vena;Sedor;21.09.2020;Vorkuta;Isdom;Y
Chas;Vandever;21.09.2020;Sochi;Rangreen;N
Katina;Abernethy;22.09.2020;Norilsk;Ontomedia;N
Zofia;Ambler;22.09.2020;Vorkuta;Opentech;N
Laronda;Coe;22.09.2020;Yekaterinburg;Sumace;Y
Edmond;Dawe;22.09.2020;Norilsk;Iselectrics;N
Daniele;Euell;22.09.2020;Norilsk;Iselectrics;Y
Carlene;Felice;22.09.2020;Sochi;Bioholding;Y
Loyd;Grosz;22.09.2020;Vorkuta;Opentech;Y
Alfredo;Hursey;22.09.2020;Yekaterinburg;Sumace;N
Euna;Mak;22.09.2020;Sochi;Konex;N
Bobette;Shuff;22.09.2020;Norilsk;Ontomedia;N
Andera;Valliere;22.09.2020;Norilsk;Betasoloin;N
Merrie;Weideman;22.09.2020;Vorkuta;Opentech;N
Twana;Willet;22.09.2020;Norilsk;Ontomedia;Y
Lakendra;Zick;22.09.2020;Norilsk;dambase;N
Celsa;Bumbalough;23.09.2020;Norilsk;dambase;N
Carmelina;Hewett;23.09.2020;Vorkuta;Codehow;N
Louie;Scarpelli;23.09.2020;Norilsk;dambase;Y
Katina;Abernethy;24.09.2020;Norilsk;Sunnamplex;Y
Kellie;Bail;24.09.2020;Vorkuta;Nam-zim;Y
Loraine;Bensley;24.09.2020;Sochi;Rangreen;N
August;Darland;24.09.2020;Norilsk;dambase;N
Carmelina;Hewett;24.09.2020;Vorkuta;Opentech;N
Alfredo;Hursey;24.09.2020;Yekaterinburg;Plusstrip;Y
Maris;Nee;24.09.2020;Moscow;Rantouch;N
Magdalena;Ratcliffe;24.09.2020;Yekaterinburg;Donware;N
Mariette;Swick;24.09.2020;Moscow;Betatech;Y
Andera;Valliere;24.09.2020;Norilsk;Scottech;Y
Kristle;Vien;24.09.2020;Sochi;Xx-holding;Y
Twana;Willet;24.09.2020;Norilsk;dambase;Y
August;Darland;25.09.2020;Norilsk;Sunnamplex;Y
Mason;Henslee;25.09.2020;Sochi;Rangreen;N
Debora;Hoang;25.09.2020;Saint-Petersburg;year-job;Y
Maris;Nee;25.09.2020;Moscow;Rundofase;N
Mariette;Swick;25.09.2020;Moscow;Singletechno;Y
Tonisha;Vanbeek;25.09.2020;Sochi;Xx-holding;N
Hanh;Whitesell;25.09.2020;Saint-Petersburg;Bioplex;N
Lakendra;Zick;25.09.2020;Norilsk;Scottech;Y
Richie;Petrey;26.09.2020;Sochi;Funholding;Y
Richie;Petrey;26.09.2020;Sochi;Rangreen;N
Terina;Shira;26.09.2020;Yekaterinburg;Scotfind;N
Latonia;Vanwyk;26.09.2020;Vorkuta;Opentech;N
Elmer;Gean;27.09.2020;Yekaterinburg;Plusstrip;N
Ranae;Lumpkins;27.09.2020;Saint-Petersburg;Bioplex;Y
Kellie;Bail;28.09.2020;Vorkuta;Donquadtech;N
Jude;Brashier;28.09.2020;Yekaterinburg;Sumace;N
Trenton;Dargan;28.09.2020;Yekaterinburg;Labdrill;Y
August;Darland;28.09.2020;Norilsk;Scottech;N
Edmond;Dawe;28.09.2020;Norilsk;Sunnamplex;N
Gregoria;Fant;28.09.2020;Vorkuta;Openlane;N
Ailene;Frieden;28.09.2020;Norilsk;Sunnamplex;N
Mason;Henslee;28.09.2020;Sochi;Funholding;N
Carmelina;Hewett;28.09.2020;Vorkuta;Isdom;Y
Alfredo;Hursey;28.09.2020;Yekaterinburg;Scotfind;N
Regena;Kita;28.09.2020;Yekaterinburg;Labdrill;N
Magdalena;Ratcliffe;28.09.2020;Yekaterinburg;Labdrill;Y
Bobette;Shuff;28.09.2020;Norilsk;Zencorporation;Y
Mariette;Swick;28.09.2020;Moscow;Ron-tech;Y
Tonisha;Vanbeek;28.09.2020;Sochi;Hottechi;N
Twana;Willet;28.09.2020;Norilsk;dambase;N
Raisa;Benford;29.09.2020;Yekaterinburg;Donware;N
Mirta;Cannon;29.09.2020;Yekaterinburg;Donware;Y
Trenton;Dargan;29.09.2020;Yekaterinburg;Sumace;N
Edmond;Dawe;29.09.2020;Norilsk;Ontomedia;N
Jovita;Fesler;29.09.2020;Sochi;Funholding;N
Euna;Mak;29.09.2020;Sochi;Rangreen;N
Connie;Newingham;29.09.2020;Norilsk;dambase;Y
January;Randazzo;29.09.2020;Sochi;Funholding;Y
Shaniqua;Truesdale;29.09.2020;Moscow;Toughzap;Y
Annalee;Gulbranson;30.09.2020;Vorkuta;Openlane;N
Joanne;Kingery;30.09.2020;Yekaterinburg;Labdrill;Y
Raisa;Benford;01.10.2020;Yekaterinburg;Scotfind;N
Mirta;Cannon;01.10.2020;Yekaterinburg;Sumace;Y
Ailene;Frieden;01.10.2020;Norilsk;Ontomedia;N
Loyd;Grosz;01.10.2020;Vorkuta;Condax;N
Regena;Kita;01.10.2020;Yekaterinburg;Stanredtax;N
Connie;Newingham;01.10.2020;Norilsk;Iselectrics;Y
Sylvia;Olander;01.10.2020;Vorkuta;Isdom;Y
Magdalena;Ratcliffe;01.10.2020;Yekaterinburg;Zumgoity;N
Shaniqua;Truesdale;01.10.2020;Moscow;Kan-code;Y
Twana;Willet;01.10.2020;Norilsk;dambase;N
Lavina;Ackles;02.10.2020;Saint-Petersburg;Green-Plus;Y
Jude;Brashier;02.10.2020;Yekaterinburg;Labdrill;Y
Carlene;Felice;02.10.2020;Sochi;Xx-holding;Y
Ailene;Frieden;02.10.2020;Norilsk;dambase;Y
Tawny;Jeske;02.10.2020;Sochi;Xx-holding;N
Regena;Kita;02.10.2020;Yekaterinburg;Plusstrip;N
Soraya;Lashbrook;02.10.2020;Saint-Petersburg;Mathtouch;N
Leonie;Rakowski;02.10.2020;Norilsk;dambase;Y
Bobette;Shuff;02.10.2020;Norilsk;Scottech;N
Gwendolyn;Westerlund;02.10.2020;Yekaterinburg;Sumace;Y
Lavina;Ackles;04.10.2020;Saint-Petersburg;Groovestreet;N
Loraine;Bensley;04.10.2020;Sochi;Funholding;Y
Loraine;Bensley;04.10.2020;Sochi;Hottechi;N
Zina;Bilal;04.10.2020;Norilsk;Zencorporation;Y
Mikel;Brockway;04.10.2020;Sochi;Xx-zobam;N
Laronda;Coe;04.10.2020;Yekaterinburg;Stanredtax;Y
Daniele;Euell;04.10.2020;Norilsk;dambase;N
Carlene;Felice;04.10.2020;Sochi;Plussunin;Y
Darcey;Heide;04.10.2020;Norilsk;Ontomedia;N
Victor;Hilliker;04.10.2020;Saint-Petersburg;year-job;N
Victor;Hilliker;04.10.2020;Saint-Petersburg;Treequote;Y
Victor;Hilliker;04.10.2020;Saint-Petersburg;Mathtouch;N
Arlyne;Honda;04.10.2020;Norilsk;dambase;Y
Starr;Krogh;04.10.2020;Saint-Petersburg;Mathtouch;N
Starr;Krogh;04.10.2020;Saint-Petersburg;Bioplex;Y
Soraya;Lashbrook;04.10.2020;Saint-Petersburg;year-job;Y
Yen;Latimore;04.10.2020;Sochi;Hottechi;N
Lesa;Mehaffey;04.10.2020;Norilsk;Sunnamplex;Y
Maris;Nee;04.10.2020;Moscow;Betatech;N
Maris;Nee;04.10.2020;Moscow;Toughzap;Y
Maris;Nee;04.10.2020;Moscow;Ron-tech;N
Leonie;Rakowski;04.10.2020;Norilsk;Scottech;Y
Rolf;Sharrow;04.10.2020;Yekaterinburg;Labdrill;Y
Justina;Stonecipher;04.10.2020;Sochi;Rangreen;Y
Shaniqua;Truesdale;04.10.2020;Moscow;Rantouch;Y
Tonisha;Vanbeek;04.10.2020;Sochi;Funholding;N
Latonia;Vanwyk;04.10.2020;Vorkuta;Condax;Y
Lashell;Abbas;05.10.2020;Yekaterinburg;Donware;N
Jeniffer;Brace;05.10.2020;Moscow;Rantouch;Y
Willy;Frink;05.10.2020;Yekaterinburg;Sumace;N
Leland;Gales;05.10.2020;Yekaterinburg;Donware;N
Leland;Gales;05.10.2020;Yekaterinburg;Donware;Y
Carmelina;Hewett;05.10.2020;Vorkuta;Openlane;N
Carmelina;Hewett;05.10.2020;Vorkuta;Opentech;Y
Carmelina;Hewett;05.10.2020;Vorkuta;Nam-zim;N
Debora;Hoang;05.10.2020;Saint-Petersburg;year-job;N
Jalisa;Keala;05.10.2020;Yekaterinburg;Sumace;N
Genesis;Kowalczyk;05.10.2020;Saint-Petersburg;year-job;N
Stephani;Mincy;05.10.2020;Saint-Petersburg;Mathtouch;N
Dreama;Moman;05.10.2020;Saint-Petersburg;year-job;Y
Chasidy;Nixon;05.10.2020;Vorkuta;Openlane;Y
Richie;Petrey;05.10.2020;Sochi;Funholding;Y
Dan;Rozelle;05.10.2020;Norilsk;dambase;Y
Vena;Sedor;05.10.2020;Vorkuta;Nam-zim;N
Vena;Sedor;05.10.2020;Vorkuta;Condax;Y
Danae;Smullen;05.10.2020;Sochi;Bioholding;Y
Tonisha;Vanbeek;05.10.2020;Sochi;Rangreen;N
Latonia;Vanwyk;05.10.2020;Vorkuta;Openlane;N
Hanh;Whitesell;05.10.2020;Saint-Petersburg;year-job;Y
Katina;Abernethy;06.10.2020;Norilsk;dambase;N
Lavina;Ackles;06.10.2020;Saint-Petersburg;Groovestreet;Y
Luanne;Boucher;06.10.2020;Norilsk;dambase;N
Jeniffer;Brace;06.10.2020;Moscow;Faxquote;N
Jude;Brashier;06.10.2020;Yekaterinburg;Scotfind;N
Mikel;Brockway;06.10.2020;Sochi;Rangreen;N
Irena;Byrge;06.10.2020;Norilsk;dambase;N
Mirta;Cannon;06.10.2020;Yekaterinburg;Donware;N
Niki;Castano;06.10.2020;Vorkuta;Openlane;Y
Trenton;Dargan;06.10.2020;Yekaterinburg;Sumace;N
Edmond;Dawe;06.10.2020;Norilsk;Betasoloin;Y
Daniele;Euell;06.10.2020;Norilsk;dambase;Y
Gregoria;Fant;06.10.2020;Vorkuta;Isdom;N
Annalee;Gulbranson;06.10.2020;Vorkuta;Condax;Y
Debora;Hoang;06.10.2020;Saint-Petersburg;Bioplex;N
Arlyne;Honda;06.10.2020;Norilsk;Ontomedia;N
Starr;Krogh;06.10.2020;Saint-Petersburg;Mathtouch;N
Yen;Latimore;06.10.2020;Sochi;Funholding;Y
Stephani;Mincy;06.10.2020;Saint-Petersburg;year-job;N
Ja;Moscato;06.10.2020;Saint-Petersburg;year-job;N
Maris;Nee;06.10.2020;Moscow;Faxquote;N
Sylvia;Olander;06.10.2020;Vorkuta;Openlane;Y
Dan;Rozelle;06.10.2020;Norilsk;Ontomedia;N
Louie;Scarpelli;06.10.2020;Norilsk;Ontomedia;Y
Rolf;Sharrow;06.10.2020;Yekaterinburg;Donware;N
Rolf;Sharrow;06.10.2020;Yekaterinburg;Sumace;Y
Bobette;Shuff;06.10.2020;Norilsk;dambase;Y
Shaniqua;Truesdale;06.10.2020;Moscow;Faxquote;Y
Chas;Vandever;06.10.2020;Sochi;Xx-holding;N
Lavina;Ackles;07.10.2020;Saint-Petersburg;year-job;Y
Lavina;Ackles;07.10.2020;Saint-Petersburg;year-job;Y
Irena;Byrge;07.10.2020;Norilsk;Betasoloin;Y
Jovita;Fesler;07.10.2020;Sochi;Xx-holding;Y
Leland;Gales;07.10.2020;Yekaterinburg;Donware;Y
Helene;Hargrove;07.10.2020;Norilsk;dambase;N
Victor;Hilliker;07.10.2020;Saint-Petersburg;year-job;Y
Debora;Hoang;07.10.2020;Saint-Petersburg;year-job;Y
Joanne;Kingery;07.10.2020;Yekaterinburg;Sumace;Y
Yen;Latimore;07.10.2020;Sochi;Rangreen;Y
Euna;Mak;07.10.2020;Sochi;Funholding;N
Winter;Mckillop;07.10.2020;Norilsk;Betasoloin;Y
Richie;Petrey;07.10.2020;Sochi;Rangreen;N
Richie;Petrey;07.10.2020;Sochi;Rangreen;Y
Charlette;Radtke;07.10.2020;Yekaterinburg;Donware;N
Dan;Rozelle;07.10.2020;Norilsk;Ontomedia;N
Vena;Sedor;07.10.2020;Vorkuta;Openlane;N
Terina;Shira;07.10.2020;Yekaterinburg;Plusstrip;Y
Merrie;Weideman;07.10.2020;Vorkuta;Openlane;Y
Levi;Basham;08.10.2020;Norilsk;dambase;N
Loraine;Bensley;08.10.2020;Sochi;Funholding;Y
Pamelia;Bergquist;08.10.2020;Saint-Petersburg;year-job;Y
Jeniffer;Brace;08.10.2020;Moscow;Toughzap;N
Mirta;Cannon;08.10.2020;Yekaterinburg;Donware;Y
Laronda;Coe;08.10.2020;Yekaterinburg;Donware;N
Laronda;Coe;08.10.2020;Yekaterinburg;Donware;Y
Gena;Dacanay;08.10.2020;Sochi;Rangreen;Y
Trenton;Dargan;08.10.2020;Yekaterinburg;Plusstrip;N
Edmond;Dawe;08.10.2020;Norilsk;dambase;N
Daniele;Euell;08.10.2020;Norilsk;Ontomedia;Y
Jovita;Fesler;08.10.2020;Sochi;Funholding;N
Jovita;Fesler;08.10.2020;Sochi;Rangreen;Y
Elmer;Gean;08.10.2020;Yekaterinburg;Donware;N
Rudolph;Glickman;08.10.2020;Yekaterinburg;Donware;N
Louanne;Hillwig;08.10.2020;Yekaterinburg;Sumace;N
Arlyne;Honda;08.10.2020;Norilsk;dambase;Y
Arlyne;Honda;08.10.2020;Norilsk;Ontomedia;N
Alfredo;Hursey;08.10.2020;Yekaterinburg;Donware;N
Jalisa;Keala;08.10.2020;Yekaterinburg;Donware;N
Joanne;Kingery;08.10.2020;Yekaterinburg;Donware;Y
Regena;Kita;08.10.2020;Yekaterinburg;Donware;Y
Genesis;Kowalczyk;08.10.2020;Saint-Petersburg;year-job;Y
Yen;Latimore;08.10.2020;Sochi;Xx-holding;N
Stephani;Mincy;08.10.2020;Saint-Petersburg;year-job;Y
Connie;Newingham;08.10.2020;Norilsk;Ontomedia;N
Sylvia;Olander;08.10.2020;Vorkuta;Openlane;N
Rachael;Scheff;08.10.2020;Vorkuta;Openlane;Y
Rolf;Sharrow;08.10.2020;Yekaterinburg;Sumace;Y
Justina;Stonecipher;08.10.2020;Sochi;Rangreen;Y
Andera;Valliere;08.10.2020;Norilsk;Betasoloin;Y
Lakendra;Zick;08.10.2020;Norilsk;dambase;N
Katina;Abernethy;09.10.2020;Norilsk;dambase;Y
Zofia;Ambler;09.10.2020;Vorkuta;Condax;N
Raisa;Benford;09.10.2020;Yekaterinburg;Plusstrip;Y
Raisa;Benford;09.10.2020;Yekaterinburg;Donware;N
Pamelia;Bergquist;09.10.2020;Saint-Petersburg;Bioplex;N
Zina;Bilal;09.10.2020;Norilsk;Sunnamplex;Y
Jude;Brashier;09.10.2020;Yekaterinburg;Donware;Y
Cristopher;Brownfield;09.10.2020;Moscow;Faxquote;Y
Mirta;Cannon;09.10.2020;Yekaterinburg;Sumace;N
Mirta;Cannon;09.10.2020;Yekaterinburg;Donware;Y
Laronda;Coe;09.10.2020;Yekaterinburg;Donware;Y
Trenton;Dargan;09.10.2020;Yekaterinburg;Labdrill;N
Trenton;Dargan;09.10.2020;Yekaterinburg;Plusstrip;N
Susan;Duffield;09.10.2020;Sochi;Funholding;N
Gregoria;Fant;09.10.2020;Vorkuta;Opentech;N
Carlene;Felice;09.10.2020;Sochi;Plussunin;Y
Carlene;Felice;09.10.2020;Sochi;Rangreen;N
Willy;Frink;09.10.2020;Yekaterinburg;Sumace;N
Sherryl;Gateley;09.10.2020;Norilsk;Ontomedia;Y
Mason;Henslee;09.10.2020;Sochi;Plussunin;Y
Carmelina;Hewett;09.10.2020;Vorkuta;Condax;Y
Louanne;Hillwig;09.10.2020;Yekaterinburg;Donware;N
Alfredo;Hursey;09.10.2020;Yekaterinburg;Sonron;Y
Joanne;Kingery;09.10.2020;Yekaterinburg;Donware;Y
Regena;Kita;09.10.2020;Yekaterinburg;Donware;N
Yen;Latimore;09.10.2020;Sochi;Rangreen;Y
Winter;Mckillop;09.10.2020;Norilsk;Sunnamplex;N
Winter;Mckillop;09.10.2020;Norilsk;dambase;N
Ja;Moscato;09.10.2020;Saint-Petersburg;year-job;N
Sylvia;Olander;09.10.2020;Vorkuta;Opentech;N
Charlette;Radtke;09.10.2020;Yekaterinburg;Sumace;Y
Charlette;Radtke;09.10.2020;Yekaterinburg;Plusstrip;N
Magdalena;Ratcliffe;09.10.2020;Yekaterinburg;Donware;N
Magdalena;Ratcliffe;09.10.2020;Yekaterinburg;Donware;Y
Magdalena;Ratcliffe;09.10.2020;Yekaterinburg;Sonron;N
Dan;Rozelle;09.10.2020;Norilsk;dambase;Y
Rachael;Scheff;09.10.2020;Vorkuta;Openlane;N
Bobette;Shuff;09.10.2020;Norilsk;Ontomedia;N
Beverley;Silveira;09.10.2020;Sochi;Rangreen;N
Mariette;Swick;09.10.2020;Moscow;Rantouch;N
Shaniqua;Truesdale;09.10.2020;Moscow;Singletechno;Y
Tonisha;Vanbeek;09.10.2020;Sochi;Xx-holding;N
Latonia;Vanwyk;09.10.2020;Vorkuta;Opentech;N
Kristle;Vien;09.10.2020;Sochi;Rangreen;N
Maryann;Weldy;09.10.2020;Sochi;Plussunin;N
Twana;Willet;09.10.2020;Norilsk;Zencorporation;Y
Lashell;Abbas;10.10.2020;Yekaterinburg;Donware;N
Zofia;Ambler;10.10.2020;Vorkuta;Opentech;N
Levi;Basham;10.10.2020;Norilsk;dambase;N
Loraine;Bensley;10.10.2020;Sochi;Rangreen;Y
Zina;Bilal;10.10.2020;Norilsk;Ontomedia;N
Luanne;Boucher;10.10.2020;Norilsk;Ontomedia;Y
Luanne;Boucher;10.10.2020;Norilsk;Betasoloin;N
Mirta;Cannon;10.10.2020;Yekaterinburg;Labdrill;N
Trenton;Dargan;10.10.2020;Yekaterinburg;Plusstrip;Y
August;Darland;10.10.2020;Norilsk;Ontomedia;Y
Edmond;Dawe;10.10.2020;Norilsk;Ontomedia;Y
Carlene;Felice;10.10.2020;Sochi;Rangreen;N
Rudolph;Glickman;10.10.2020;Yekaterinburg;Donware;Y
Annalee;Gulbranson;10.10.2020;Vorkuta;Condax;Y
Annalee;Gulbranson;10.10.2020;Vorkuta;Openlane;N
Mason;Henslee;10.10.2020;Sochi;Funholding;Y
Carmelina;Hewett;10.10.2020;Vorkuta;Codehow;Y
Debora;Hoang;10.10.2020;Saint-Petersburg;year-job;N
Debora;Hoang;10.10.2020;Saint-Petersburg;Mathtouch;Y
Soraya;Lashbrook;10.10.2020;Saint-Petersburg;year-job;Y
Shayna;Mahan;10.10.2020;Sochi;Rangreen;Y
Winter;Mckillop;10.10.2020;Norilsk;dambase;N
Lesa;Mehaffey;10.10.2020;Norilsk;dambase;Y
Dreama;Moman;10.10.2020;Saint-Petersburg;year-job;Y
Dreama;Moman;10.10.2020;Saint-Petersburg;Mathtouch;Y
Maris;Nee;10.10.2020;Moscow;Toughzap;Y
Connie;Newingham;10.10.2020;Norilsk;Ontomedia;N
January;Randazzo;10.10.2020;Sochi;Rangreen;Y
Dan;Rozelle;10.10.2020;Norilsk;dambase;N
Bobette;Shuff;10.10.2020;Norilsk;dambase;Y
Bobette;Shuff;10.10.2020;Norilsk;Sunnamplex;Y
Justina;Stonecipher;10.10.2020;Sochi;Xx-holding;N
Mariette;Swick;10.10.2020;Moscow;Faxquote;Y
Chas;Vandever;10.10.2020;Sochi;Rangreen;N
Latonia;Vanwyk;10.10.2020;Vorkuta;Condax;N
Latonia;Vanwyk;10.10.2020;Vorkuta;Opentech;N
Gwendolyn;Westerlund;10.10.2020;Yekaterinburg;Plusstrip;N
Levi;Basham;11.10.2020;Norilsk;dambase;Y
Pamelia;Bergquist;11.10.2020;Saint-Petersburg;Bioplex;Y
Pamelia;Bergquist;11.10.2020;Saint-Petersburg;Mathtouch;Y
Jude;Brashier;11.10.2020;Yekaterinburg;Donware;Y
Celsa;Bumbalough;11.10.2020;Norilsk;dambase;Y
August;Darland;11.10.2020;Norilsk;Sunnamplex;Y
Daniele;Euell;11.10.2020;Norilsk;Ontomedia;Y
Darcey;Heide;11.10.2020;Norilsk;dambase;N
Louanne;Hillwig;11.10.2020;Yekaterinburg;Donware;N
Debora;Hoang;11.10.2020;Saint-Petersburg;Green-Plus;N
Arlyne;Honda;11.10.2020;Norilsk;Iselectrics;Y
Jalisa;Keala;11.10.2020;Yekaterinburg;Zumgoity;Y
Jalisa;Keala;11.10.2020;Yekaterinburg;Sumace;N
Soraya;Lashbrook;11.10.2020;Saint-Petersburg;Groovestreet;N
Ranae;Lumpkins;11.10.2020;Saint-Petersburg;year-job;N
Maris;Nee;11.10.2020;Moscow;Rantouch;N
Sylvia;Olander;11.10.2020;Vorkuta;Openlane;Y
Daniela;Russaw;11.10.2020;Sochi;Rangreen;N
Daniela;Russaw;11.10.2020;Sochi;Xx-holding;Y
Louie;Scarpelli;11.10.2020;Norilsk;Sunnamplex;N
Rachael;Scheff;11.10.2020;Vorkuta;Donquadtech;Y
Rolf;Sharrow;11.10.2020;Yekaterinburg;Sumace;Y
Terina;Shira;11.10.2020;Yekaterinburg;Sumace;N
Mariette;Swick;11.10.2020;Moscow;Ron-tech;Y
Irena;Byrge;12.10.2020;Norilsk;dambase;Y
Laronda;Coe;12.10.2020;Yekaterinburg;Sonron;N
Gena;Dacanay;12.10.2020;Sochi;Funholding;Y
August;Darland;12.10.2020;Norilsk;dambase;N
Carlene;Felice;12.10.2020;Sochi;Plussunin;N
Willy;Frink;12.10.2020;Yekaterinburg;Donware;Y
Rudolph;Glickman;12.10.2020;Yekaterinburg;Sumace;N
Victor;Hilliker;12.10.2020;Saint-Petersburg;Mathtouch;Y
Regena;Kita;12.10.2020;Yekaterinburg;Sumace;N
Starr;Krogh;12.10.2020;Saint-Petersburg;Bioplex;Y
Starr;Krogh;12.10.2020;Saint-Petersburg;Conecom;Y
Winter;Mckillop;12.10.2020;Norilsk;dambase;Y
Lesa;Mehaffey;12.10.2020;Norilsk;Zotware;Y
Lesa;Mehaffey;12.10.2020;Norilsk;Ontomedia;Y
Connie;Newingham;12.10.2020;Norilsk;Betasoloin;N
Leonie;Rakowski;12.10.2020;Norilsk;Ontomedia;Y
January;Randazzo;12.10.2020;Sochi;Rangreen;N
Rachael;Scheff;12.10.2020;Vorkuta;Openlane;Y
Rachael;Scheff;12.10.2020;Vorkuta;Openlane;N
Vena;Sedor;12.10.2020;Vorkuta;Condax;N
Rolf;Sharrow;12.10.2020;Yekaterinburg;Scotfind;N
Bobette;Shuff;12.10.2020;Norilsk;Betasoloin;N
Mariette;Swick;12.10.2020;Moscow;Toughzap;Y
Shaniqua;Truesdale;12.10.2020;Moscow;Rantouch;N
Andera;Valliere;12.10.2020;Norilsk;dambase;N
Chas;Vandever;12.10.2020;Sochi;Xx-holding;Y
Lakendra;Zick;12.10.2020;Norilsk;dambase;Y
Lashell;Abbas;13.10.2020;Yekaterinburg;Sumace;Y
Mikel;Brockway;13.10.2020;Sochi;Funholding;N
Cristopher;Brownfield;13.10.2020;Moscow;Faxquote;Y
Edmond;Dawe;13.10.2020;Norilsk;Sunnamplex;Y
Edmond;Dawe;13.10.2020;Norilsk;dambase;Y
Gregoria;Fant;13.10.2020;Vorkuta;Openlane;N
Jovita;Fesler;13.10.2020;Sochi;Rangreen;Y
Mason;Henslee;13.10.2020;Sochi;Rangreen;Y
Mason;Henslee;13.10.2020;Sochi;Funholding;N
Carmelina;Hewett;13.10.2020;Vorkuta;Condax;N
Debora;Hoang;13.10.2020;Saint-Petersburg;year-job;Y
Arlyne;Honda;13.10.2020;Norilsk;Betasoloin;N
Regena;Kita;13.10.2020;Yekaterinburg;Plusstrip;N
Starr;Krogh;13.10.2020;Saint-Petersburg;Mathtouch;Y
Ranae;Lumpkins;13.10.2020;Saint-Petersburg;year-job;N
Ja;Moscato;13.10.2020;Saint-Petersburg;Mathtouch;N
Terrence;Mustafa;13.10.2020;Yekaterinburg;Donware;Y
Emilie;Nemitz;13.10.2020;Sochi;Rangreen;Y
Chasidy;Nixon;13.10.2020;Vorkuta;Codehow;N
Chasidy;Nixon;13.10.2020;Vorkuta;Opentech;N
Richie;Petrey;13.10.2020;Sochi;Xx-holding;N
Hector;Redwine;13.10.2020;Norilsk;dambase;Y
Rolf;Sharrow;13.10.2020;Yekaterinburg;Sumace;Y
Mariette;Swick;13.10.2020;Moscow;Faxquote;Y
Andera;Valliere;13.10.2020;Norilsk;Ontomedia;N
Tonisha;Vanbeek;13.10.2020;Sochi;Rangreen;N
Kristle;Vien;13.10.2020;Sochi;Funholding;Y
Gwendolyn;Westerlund;13.10.2020;Yekaterinburg;Donware;N
Kellie;Bail;14.10.2020;Vorkuta;Nam-zim;Y
Kellie;Bail;14.10.2020;Vorkuta;Openlane;N
Pamelia;Bergquist;14.10.2020;Saint-Petersburg;year-job;N
Zina;Bilal;14.10.2020;Norilsk;dambase;N
Niki;Castano;14.10.2020;Vorkuta;Isdom;Y
Laronda;Coe;14.10.2020;Yekaterinburg;Plusstrip;N
August;Darland;14.10.2020;Norilsk;Zencorporation;Y
Daniele;Euell;14.10.2020;Norilsk;Zotware;N
Leland;Gales;14.10.2020;Yekaterinburg;Sumace;Y
Darcey;Heide;14.10.2020;Norilsk;Sunnamplex;Y
Victor;Hilliker;14.10.2020;Saint-Petersburg;year-job;Y
Louanne;Hillwig;14.10.2020;Yekaterinburg;Sumace;N
Arlyne;Honda;14.10.2020;Norilsk;Zencorporation;Y
Tawny;Jeske;14.10.2020;Sochi;Rangreen;N
Tawny;Jeske;14.10.2020;Sochi;Hottechi;N
Soraya;Lashbrook;14.10.2020;Saint-Petersburg;year-job;N
Yen;Latimore;14.10.2020;Sochi;Hottechi;N
Shayna;Mahan;14.10.2020;Sochi;Plussunin;Y
Euna;Mak;14.10.2020;Sochi;Xx-zobam;N
Lesa;Mehaffey;14.10.2020;Norilsk;Scottech;N
Dreama;Moman;14.10.2020;Saint-Petersburg;Treequote;Y
Emilie;Nemitz;14.10.2020;Sochi;Fasehatice;Y
Connie;Newingham;14.10.2020;Norilsk;dambase;Y
Charlette;Radtke;14.10.2020;Yekaterinburg;Sumace;N
Charlette;Radtke;14.10.2020;Yekaterinburg;Dontechi;N
Justina;Stonecipher;14.10.2020;Sochi;Rangreen;N
Shaniqua;Truesdale;14.10.2020;Moscow;Singletechno;N
Andera;Valliere;14.10.2020;Norilsk;dambase;N
Tonisha;Vanbeek;14.10.2020;Sochi;Funholding;Y
Latonia;Vanwyk;14.10.2020;Vorkuta;Openlane;Y
Kristle;Vien;14.10.2020;Sochi;Rangreen;N
Maryann;Weldy;14.10.2020;Sochi;Funholding;Y
Twana;Willet;14.10.2020;Norilsk;dambase;N
Twana;Willet;14.10.2020;Norilsk;Inity;N
Levi;Basham;15.10.2020;Norilsk;dambase;N
Jeniffer;Brace;15.10.2020;Moscow;Faxquote;Y
Celsa;Bumbalough;15.10.2020;Norilsk;Betasoloin;N
Douglas;Charity;15.10.2020;Moscow;Faxquote;N
Gregoria;Fant;15.10.2020;Vorkuta;Condax;N
Alfredo;Hursey;15.10.2020;Yekaterinburg;Donware;Y
Jalisa;Keala;15.10.2020;Yekaterinburg;Donware;Y
Soraya;Lashbrook;15.10.2020;Saint-Petersburg;year-job;N
Terrence;Mustafa;15.10.2020;Yekaterinburg;Donware;Y
Leonie;Rakowski;15.10.2020;Norilsk;Ontomedia;Y
Danae;Smullen;15.10.2020;Sochi;Rangreen;N
Danae;Smullen;15.10.2020;Sochi;Rangreen;N
Maryann;Weldy;15.10.2020;Sochi;Xx-holding;N
Gwendolyn;Westerlund;15.10.2020;Yekaterinburg;Sumace;Y
Hanh;Whitesell;15.10.2020;Saint-Petersburg;year-job;Y
Lakendra;Zick;15.10.2020;Norilsk;Ontomedia;Y
Niki;Castano;16.10.2020;Vorkuta;Condax;N
Niki;Castano;16.10.2020;Vorkuta;Condax;N
Laronda;Coe;16.10.2020;Yekaterinburg;Sumace;N
Gena;Dacanay;16.10.2020;Sochi;Xx-holding;N
Gena;Dacanay;16.10.2020;Sochi;Xx-holding;N
Trenton;Dargan;16.10.2020;Yekaterinburg;Donware;N
Daniele;Euell;16.10.2020;Norilsk;Sunnamplex;Y
Jovita;Fesler;16.10.2020;Sochi;Xx-holding;Y
Elmer;Gean;16.10.2020;Yekaterinburg;Sumace;N
Elmer;Gean;16.10.2020;Yekaterinburg;Zumgoity;N
Rudolph;Glickman;16.10.2020;Yekaterinburg;Labdrill;N
Arlyne;Honda;16.10.2020;Norilsk;Ontomedia;N
Genesis;Kowalczyk;16.10.2020;Saint-Petersburg;Treequote;Y
Shayna;Mahan;16.10.2020;Sochi;Xx-holding;Y
Shayna;Mahan;16.10.2020;Sochi;Funholding;Y
Lesa;Mehaffey;16.10.2020;Norilsk;Ontomedia;N
Ja;Moscato;16.10.2020;Saint-Petersburg;Bioplex;N
Rachael;Scheff;16.10.2020;Vorkuta;Opentech;N
Rachael;Scheff;16.10.2020;Vorkuta;Isdom;Y
Terina;Shira;16.10.2020;Yekaterinburg;Sumace;Y
Justina;Stonecipher;16.10.2020;Sochi;Xx-holding;N
Mariette;Swick;16.10.2020;Moscow;Singletechno;Y
Tonisha;Vanbeek;16.10.2020;Sochi;Funholding;Y
Latonia;Vanwyk;16.10.2020;Vorkuta;Condax;N
Twana;Willet;16.10.2020;Norilsk;Sunnamplex;Y
Twana;Willet;16.10.2020;Norilsk;Ontomedia;N
Lashell;Abbas;17.10.2020;Yekaterinburg;Sumace;Y
Katina;Abernethy;17.10.2020;Norilsk;Ontomedia;N
Katina;Abernethy;17.10.2020;Norilsk;dambase;Y
Lavina;Ackles;17.10.2020;Saint-Petersburg;year-job;N
Lavina;Ackles;17.10.2020;Saint-Petersburg;Bioplex;Y
Pamelia;Bergquist;17.10.2020;Saint-Petersburg;Bioplex;N
Pamelia;Bergquist;17.10.2020;Saint-Petersburg;Mathtouch;N
Cristopher;Brownfield;17.10.2020;Moscow;Faxquote;Y
Edmond;Dawe;17.10.2020;Norilsk;dambase;Y
Carlene;Felice;17.10.2020;Sochi;Xx-holding;N
Ailene;Frieden;17.10.2020;Norilsk;dambase;Y
Leland;Gales;17.10.2020;Yekaterinburg;Donware;N
Sherryl;Gateley;17.10.2020;Norilsk;dambase;Y
Loyd;Grosz;17.10.2020;Vorkuta;Openlane;N
Tawny;Jeske;17.10.2020;Sochi;Funholding;Y
Joanne;Kingery;17.10.2020;Yekaterinburg;Donware;Y
Euna;Mak;17.10.2020;Sochi;Xx-holding;N
Euna;Mak;17.10.2020;Sochi;Hottechi;Y
Emilie;Nemitz;17.10.2020;Sochi;Rangreen;Y
Sylvia;Olander;17.10.2020;Vorkuta;Condax;Y
Charlette;Radtke;17.10.2020;Yekaterinburg;Plusstrip;Y
Kristle;Vien;17.10.2020;Sochi;Plussunin;Y
Maryann;Weldy;17.10.2020;Sochi;Rangreen;N
Gwendolyn;Westerlund;17.10.2020;Yekaterinburg;Sumace;N
Katina;Abernethy;18.10.2020;Norilsk;Zencorporation;N
Zina;Bilal;18.10.2020;Norilsk;Scottech;Y
Niki;Castano;18.10.2020;Vorkuta;Condax;Y
Gena;Dacanay;18.10.2020;Sochi;Hottechi;Y
Loyd;Grosz;18.10.2020;Vorkuta;Condax;N
Annalee;Gulbranson;18.10.2020;Vorkuta;Openlane;Y
Annalee;Gulbranson;18.10.2020;Vorkuta;Opentech;Y
Yen;Latimore;18.10.2020;Sochi;Fasehatice;N
Shayna;Mahan;18.10.2020;Sochi;Plussunin;N
Winter;Mckillop;18.10.2020;Norilsk;Iselectrics;N
Stephani;Mincy;18.10.2020;Saint-Petersburg;Mathtouch;Y
Stephani;Mincy;18.10.2020;Saint-Petersburg;Mathtouch;N
Louie;Scarpelli;18.10.2020;Norilsk;Betasoloin;Y
Katina;Abernethy;19.10.2020;Norilsk;Ontomedia;N
Kellie;Bail;19.10.2020;Vorkuta;Opentech;Y
Kellie;Bail;19.10.2020;Vorkuta;Openlane;Y
Luanne;Boucher;19.10.2020;Norilsk;Sunnamplex;Y
Mikel;Brockway;19.10.2020;Sochi;Funholding;Y
Irena;Byrge;19.10.2020;Norilsk;Betasoloin;N
Daniele;Euell;19.10.2020;Norilsk;dambase;N
Elmer;Gean;19.10.2020;Yekaterinburg;Zumgoity;Y
Alfredo;Hursey;19.10.2020;Yekaterinburg;Plusstrip;Y
Maris;Nee;19.10.2020;Moscow;Faxquote;Y
Chasidy;Nixon;19.10.2020;Vorkuta;Opentech;N
Sylvia;Olander;19.10.2020;Vorkuta;Nam-zim;Y
Shaniqua;Truesdale;19.10.2020;Moscow;Betatech;N
Andera;Valliere;19.10.2020;Norilsk;Warephase;Y
Merrie;Weideman;19.10.2020;Vorkuta;Condax;Y
Loraine;Bensley;20.10.2020;Sochi;Xx-holding;Y
Zina;Bilal;20.10.2020;Norilsk;dambase;Y
Irena;Byrge;20.10.2020;Norilsk;Scottech;N
Trenton;Dargan;20.10.2020;Yekaterinburg;Zumgoity;N
August;Darland;20.10.2020;Norilsk;dambase;Y
Carlene;Felice;20.10.2020;Sochi;Funholding;Y
Elmer;Gean;20.10.2020;Yekaterinburg;Plusstrip;Y
Elmer;Gean;20.10.2020;Yekaterinburg;Donware;N
Helene;Hargrove;20.10.2020;Norilsk;dambase;Y
Joanne;Kingery;20.10.2020;Yekaterinburg;Labdrill;N
Genesis;Kowalczyk;20.10.2020;Saint-Petersburg;Mathtouch;Y
Genesis;Kowalczyk;20.10.2020;Saint-Petersburg;year-job;N
Euna;Mak;20.10.2020;Sochi;Rangreen;N
Dreama;Moman;20.10.2020;Saint-Petersburg;Mathtouch;N
Dreama;Moman;20.10.2020;Saint-Petersburg;Bioplex;Y
Maris;Nee;20.10.2020;Moscow;Betatech;Y
Chasidy;Nixon;20.10.2020;Vorkuta;Openlane;N
Sylvia;Olander;20.10.2020;Vorkuta;Opentech;Y
Richie;Petrey;20.10.2020;Sochi;Xx-holding;Y
Andera;Valliere;20.10.2020;Norilsk;Betasoloin;Y
Kristle;Vien;20.10.2020;Sochi;Xx-holding;N
Twana;Willet;20.10.2020;Norilsk;dambase;N
Lashell;Abbas;21.10.2020;Yekaterinburg;Sumace;Y
Jude;Brashier;21.10.2020;Yekaterinburg;Sumace;N
Leland;Gales;21.10.2020;Yekaterinburg;Plusstrip;Y
Helene;Hargrove;21.10.2020;Norilsk;Sunnamplex;N
Euna;Mak;21.10.2020;Sochi;Xx-holding;Y
Stephani;Mincy;21.10.2020;Saint-Petersburg;Groovestreet;Y
Vena;Sedor;21.10.2020;Vorkuta;Condax;N
Andera;Valliere;21.10.2020;Norilsk;Sunnamplex;N
Hanh;Whitesell;21.10.2020;Saint-Petersburg;year-job;N
Loraine;Bensley;22.10.2020;Sochi;Plussunin;Y
Zina;Bilal;22.10.2020;Norilsk;dambase;Y
Zina;Bilal;22.10.2020;Norilsk;Betasoloin;N
Laronda;Coe;22.10.2020;Yekaterinburg;Sonron;N
August;Darland;22.10.2020;Norilsk;Ontomedia;N
Daniele;Euell;22.10.2020;Norilsk;Iselectrics;Y
Rudolph;Glickman;22.10.2020;Yekaterinburg;Plusstrip;N
Regena;Kita;22.10.2020;Yekaterinburg;Stanredtax;N
Yen;Latimore;22.10.2020;Sochi;Plussunin;Y
Shayna;Mahan;22.10.2020;Sochi;Funholding;N
Maris;Nee;22.10.2020;Moscow;Faxquote;Y
Connie;Newingham;22.10.2020;Norilsk;Ontomedia;Y
Chasidy;Nixon;22.10.2020;Vorkuta;Nam-zim;Y
Louie;Scarpelli;22.10.2020;Norilsk;dambase;Y
Shaniqua;Truesdale;22.10.2020;Moscow;Rantouch;N
Tonisha;Vanbeek;22.10.2020;Sochi;Rangreen;Y
Twana;Willet;22.10.2020;Norilsk;Zencorporation;N
Lakendra;Zick;22.10.2020;Norilsk;Betasoloin;N
Jeniffer;Brace;23.10.2020;Moscow;Faxquote;N
Emilie;Nemitz;23.10.2020;Sochi;Rangreen;Y
Beverley;Silveira;23.10.2020;Sochi;Funholding;Y
Kristle;Vien;23.10.2020;Sochi;Rangreen;Y
Merrie;Weideman;23.10.2020;Vorkuta;Openlane;N
Katina;Abernethy;24.10.2020;Norilsk;Warephase;Y
Loraine;Bensley;24.10.2020;Sochi;Rangreen;N
Luanne;Boucher;24.10.2020;Norilsk;Sunnamplex;Y
Irena;Byrge;24.10.2020;Norilsk;Sunnamplex;N
Laronda;Coe;24.10.2020;Yekaterinburg;Labdrill;N
Gena;Dacanay;24.10.2020;Sochi;Xx-holding;N
Daniele;Euell;24.10.2020;Norilsk;Ontomedia;N
Darcey;Heide;24.10.2020;Norilsk;Betasoloin;N
Darcey;Heide;24.10.2020;Norilsk;dambase;Y
Arlyne;Honda;24.10.2020;Norilsk;Scottech;Y
Genesis;Kowalczyk;24.10.2020;Saint-Petersburg;Groovestreet;N
Shayna;Mahan;24.10.2020;Sochi;Rangreen;Y
Maris;Nee;24.10.2020;Moscow;Toughzap;N
Hector;Redwine;24.10.2020;Norilsk;Ontomedia;N
Rolf;Sharrow;24.10.2020;Yekaterinburg;Labdrill;N
Lashell;Abbas;25.10.2020;Yekaterinburg;Sumace;Y
Katina;Abernethy;25.10.2020;Norilsk;Betasoloin;N
Lavina;Ackles;25.10.2020;Saint-Petersburg;Treequote;Y
Pamelia;Bergquist;25.10.2020;Saint-Petersburg;Treequote;Y
Jeniffer;Brace;25.10.2020;Moscow;Faxquote;N
Mikel;Brockway;25.10.2020;Sochi;Plussunin;Y
Trenton;Dargan;25.10.2020;Yekaterinburg;Labdrill;Y
Jovita;Fesler;25.10.2020;Sochi;Hottechi;N
Elmer;Gean;25.10.2020;Yekaterinburg;Sonron;Y
Victor;Hilliker;25.10.2020;Saint-Petersburg;year-job;Y
Genesis;Kowalczyk;25.10.2020;Saint-Petersburg;Treequote;Y
Dreama;Moman;25.10.2020;Saint-Petersburg;Groovestreet;Y
Ja;Moscato;25.10.2020;Saint-Petersburg;Bioplex;Y
Charlette;Radtke;25.10.2020;Yekaterinburg;Sumace;N
Dan;Rozelle;25.10.2020;Norilsk;Scottech;N
Daniela;Russaw;25.10.2020;Sochi;Funholding;Y
Daniela;Russaw;25.10.2020;Sochi;Hottechi;N
Bobette;Shuff;25.10.2020;Norilsk;Iselectrics;Y
Latonia;Vanwyk;25.10.2020;Vorkuta;Opentech;N
Hanh;Whitesell;25.10.2020;Saint-Petersburg;Mathtouch;N
Twana;Willet;25.10.2020;Norilsk;dambase;N
Lashell;Abbas;26.10.2020;Yekaterinburg;Scotfind;N
Pamelia;Bergquist;26.10.2020;Saint-Petersburg;Domzoom;N
Mirta;Cannon;26.10.2020;Yekaterinburg;Zumgoity;N
Jalisa;Keala;26.10.2020;Yekaterinburg;Sumace;Y
Charlette;Radtke;26.10.2020;Yekaterinburg;Zumgoity;Y
Cristopher;Brownfield;27.10.2020;Moscow;Toughzap;Y
Alfredo;Hursey;27.10.2020;Yekaterinburg;Labdrill;N
Irena;Byrge;28.10.2020;Norilsk;Ontomedia;Y
Laronda;Coe;28.10.2020;Yekaterinburg;Zumgoity;Y
Mason;Henslee;28.10.2020;Sochi;Rangreen;Y
Victor;Hilliker;28.10.2020;Saint-Petersburg;year-job;N
Arlyne;Honda;28.10.2020;Norilsk;dambase;N
Regena;Kita;28.10.2020;Yekaterinburg;Zumgoity;Y
Shayna;Mahan;28.10.2020;Sochi;Fasehatice;Y
Winter;Mckillop;28.10.2020;Norilsk;Scottech;N
Ja;Moscato;28.10.2020;Saint-Petersburg;Treequote;Y
Justina;Stonecipher;28.10.2020;Sochi;Rangreen;N
Mariette;Swick;28.10.2020;Moscow;Toughzap;N
Shaniqua;Truesdale;28.10.2020;Moscow;Rantouch;N
Mirta;Cannon;29.10.2020;Yekaterinburg;Labdrill;N
Laronda;Coe;29.10.2020;Yekaterinburg;Labdrill;Y
August;Darland;29.10.2020;Norilsk;dambase;N
Jovita;Fesler;29.10.2020;Sochi;Plussunin;N
Willy;Frink;29.10.2020;Yekaterinburg;Zumgoity;N
Helene;Hargrove;29.10.2020;Norilsk;Sunnamplex;N
Carmelina;Hewett;29.10.2020;Vorkuta;Nam-zim;Y
Richie;Petrey;29.10.2020;Sochi;Bioholding;Y
Daniela;Russaw;29.10.2020;Sochi;Xx-holding;Y
Vena;Sedor;29.10.2020;Vorkuta;Nam-zim;N
Justina;Stonecipher;29.10.2020;Sochi;Rangreen;Y
Twana;Willet;29.10.2020;Norilsk;Sunnamplex;N
Willy;Frink;30.10.2020;Yekaterinburg;Donware;N
Loraine;Bensley;31.10.2020;Sochi;Rangreen;Y
Mikel;Brockway;31.10.2020;Sochi;Rangreen;Y
Niki;Castano;31.10.2020;Vorkuta;Condax;Y
Yen;Latimore;31.10.2020;Sochi;Plussunin;Y
Winter;Mckillop;31.10.2020;Norilsk;Iselectrics;Y
Lesa;Mehaffey;31.10.2020;Norilsk;dambase;N
Justina;Stonecipher;31.10.2020;Sochi;Bioholding;N
Mariette;Swick;31.10.2020;Moscow;Singletechno;Y
Shaniqua;Truesdale;31.10.2020;Moscow;Toughzap;Y
Chas;Vandever;31.10.2020;Sochi;Funholding;Y
